Ticker,year,Return[%],Sharpe,MaxDD[%],Trades,SelMetric
AAPL,2000,,,,,Sharpe
AAPL,2001,46.63261483255337,0.49363850678934584,-33.68631958531124,1.0,Sharpe
AAPL,2002,-25.827762579849285,-0.8148991459023689,-36.032664234300285,1.0,Sharpe
AAPL,2003,44.406511207145996,0.8484522141667971,-20.628249442867098,1.0,Sharpe
AAPL,2004,131.47564199325876,1.6407194767623912,-12.013324889945787,1.0,Sharpe
AAPL,2005,55.716662648313765,1.5999786757380128,-9.532909973286808,0.0,Sharpe
AAPL,2006,24.83840817377126,1.1625816851554887,-11.914625833149529,0.0,Sharpe
AAPL,2007,99.93242958974604,1.613401253465669,-19.827464628465176,1.0,Sharpe
AAPL,2008,-34.30496534246939,-0.9472591853412863,-53.59324585106082,1.0,Sharpe
AAPL,2009,103.36560854696708,1.684367795030616,-18.92160118099203,3.0,Sharpe
AAPL,2010,59.81283161747375,1.5200077554634994,-12.90920461513927,1.0,Sharpe
AAPL,2011,3.896938706389192,0.18522281499559456,-13.886436944242641,0.0,Sharpe
AAPL,2012,20.840626526664362,0.5851883504954203,-27.050424395409024,1.0,Sharpe
AAPL,2013,11.762991334503385,0.7341788135045992,-11.335724720147933,0.0,Sharpe
AAPL,2014,35.77401662703489,1.222314721326076,-10.32309101662503,1.0,Sharpe
AAPL,2015,1.8452775741906409,0.07126774886225705,-16.120858532577607,1.0,Sharpe
AAPL,2016,7.088242501816822,0.3197754593057887,-18.91464028527445,1.0,Sharpe
AAPL,2017,34.06394806327497,1.5719644181566106,-9.929940880123878,1.0,Sharpe
AAPL,2018,-13.529273797032438,-0.5628477434288074,-35.95130826189219,2.0,Sharpe
AAPL,2019,79.0454959228691,2.1091088307487595,-17.824881866639373,1.0,Sharpe
AAPL,2020,50.411631719944474,1.1570283436258284,-20.31761804566382,0.0,Sharpe
AAPL,2021,28.31444258515294,1.385309309743593,-11.078872852853827,1.0,Sharpe
AAPL,2022,-23.369524091614185,-1.3256880318393112,-25.346857725777916,1.0,Sharpe
AAPL,2023,43.369376987062026,1.554783762917862,-14.91352043969968,0.0,Sharpe
AAPL,2024,19.704957624404997,1.1069117838311278,-11.581591243085821,0.0,Sharpe
ABBV,2000,,,,,Sharpe
ABBV,2001,,,,,Sharpe
ABBV,2002,,,,,Sharpe
ABBV,2003,,,,,Sharpe
ABBV,2004,,,,,Sharpe
ABBV,2005,,,,,Sharpe
ABBV,2006,,,,,Sharpe
ABBV,2007,,,,,Sharpe
ABBV,2008,,,,,Sharpe
ABBV,2009,,,,,Sharpe
ABBV,2010,,,,,Sharpe
ABBV,2011,,,,,Sharpe
ABBV,2012,,,,,Sharpe
ABBV,2013,,,,,Sharpe
ABBV,2014,32.263181958772456,1.0669786194348316,-12.642170732524939,2.0,Sharpe
ABBV,2015,-7.384783542249607,-0.25280358567497757,-31.511650440726193,1.0,Sharpe
ABBV,2016,20.915827521356366,0.654301298757735,-16.435287957222155,1.0,Sharpe
ABBV,2017,42.31681444761187,1.8171069813441942,-7.166421911678222,1.0,Sharpe
ABBV,2018,-8.648863583677612,-0.5286668892704356,-20.343391528859765,1.0,Sharpe
ABBV,2019,33.027932992730456,2.0637491286415477,-4.720913633209567,0.0,Sharpe
ABBV,2020,21.06783483766838,0.48865293547435096,-33.82438491825505,1.0,Sharpe
ABBV,2021,28.26565408351251,1.1291363342651421,-11.801254320026644,1.0,Sharpe
ABBV,2022,33.7689648492505,1.1860526994997613,-20.552482570590314,1.0,Sharpe
ABBV,2023,3.1791364248665013,0.27767612080482884,-10.072975203110879,1.0,Sharpe
ABBV,2024,2.738716658186222,0.14145401943783062,-19.03592324533151,1.0,Sharpe
ADBE,2000,,,,,Sharpe
ADBE,2001,3.8820460379306128,0.06137839805355211,-31.799525365760438,1.0,Sharpe
ADBE,2002,-4.2030454561500665,-0.08119928597558451,-39.9427516133855,1.0,Sharpe
ADBE,2003,28.007974161817785,0.5999106483561121,-17.670161061117472,1.0,Sharpe
ADBE,2004,56.09320920683167,1.263562809663367,-13.729108807983415,1.0,Sharpe
ADBE,2005,30.969865568951843,0.7519955986709004,-19.87318390603289,1.0,Sharpe
ADBE,2006,26.665311369323735,1.12860800221412,-11.279491951018361,0.0,Sharpe
ADBE,2007,6.696501154251109,0.2735628243275803,-14.92103110495757,1.0,Sharpe
ADBE,2008,0.0,,-0.0,0.0,Sharpe
ADBE,2009,59.264402937088015,0.7707983755410454,-34.20933459330302,0.0,Sharpe
ADBE,2010,11.44792613273621,0.3385806070647927,-22.67736739304479,0.0,Sharpe
ADBE,2011,3.5874092100524826,0.12334670143448057,-25.077163609807084,1.0,Sharpe
ADBE,2012,29.90184936676027,1.218764113934159,-11.728665633801693,1.0,Sharpe
ADBE,2013,48.19063157604218,1.405670479924748,-9.736188574602899,1.0,Sharpe
ADBE,2014,10.278437632026671,0.3681106887729555,-22.87129980579796,1.0,Sharpe
ADBE,2015,26.665598213653542,0.9027375648948482,-13.859642328227517,2.0,Sharpe
ADBE,2016,9.568521279678372,0.38485040674863036,-18.901798998336794,1.0,Sharpe
ADBE,2017,54.69088724822997,1.7101209466155372,-9.604986528962034,1.0,Sharpe
ADBE,2018,22.196731615905772,0.4988659081240867,-25.524398728154363,0.0,Sharpe
ADBE,2019,42.84092176376343,1.3006533617227245,-15.99881511165211,0.0,Sharpe
ADBE,2020,28.45589670715335,0.46603568451986005,-25.330220822094784,1.0,Sharpe
ADBE,2021,2.257122110595701,0.07896156267455698,-20.104285779960264,1.0,Sharpe
ADBE,2022,-8.820580800476073,-0.3028120563777557,-38.881748143309316,0.0,Sharpe
ADBE,2023,34.52836480407716,0.9617146144714225,-17.958864238789197,1.0,Sharpe
ADBE,2024,-15.82978395629885,-0.8010243274325688,-24.518279709434886,0.0,Sharpe
AMT,2000,,,,,Sharpe
AMT,2001,-64.84059543305509,-3.0291981136230923,-72.29264039151626,2.0,Sharpe
AMT,2002,231.4859488290302,0.6598221782963393,-33.865517920132284,1.0,Sharpe
AMT,2003,127.53140364635883,1.152239072962444,-15.066680212609008,0.0,Sharpe
AMT,2004,54.647343305509736,1.1813389089334105,-19.90733036983896,1.0,Sharpe
AMT,2005,22.491890709382897,1.266028932211561,-8.080019393164317,0.0,Sharpe
AMT,2006,8.02799823319845,0.36585546439542793,-17.59539215307996,1.0,Sharpe
AMT,2007,8.289734776790773,0.30996484396141427,-17.59299101036811,1.0,Sharpe
AMT,2008,-23.827685159134653,-0.5208360173971887,-55.81524599319523,1.0,Sharpe
AMT,2009,41.3361390188136,0.8819331205575373,-19.703481647365596,1.0,Sharpe
AMT,2010,9.753328549183188,0.783686749944076,-6.623237035690854,0.0,Sharpe
AMT,2011,21.00104417313956,1.131565599062412,-5.278255861183889,0.0,Sharpe
AMT,2012,28.896508186037686,1.3719848211447154,-5.307889425878553,1.0,Sharpe
AMT,2013,9.092158005504752,0.45599168029108134,-16.43133893380989,1.0,Sharpe
AMT,2014,23.840507956059408,1.255226041442751,-8.410144062632485,1.0,Sharpe
AMT,2015,-0.35999355671037847,-0.02453352554173563,-13.790454546386687,1.0,Sharpe
AMT,2016,16.121003425934706,0.6766720475878945,-13.973112642959407,0.0,Sharpe
AMT,2017,37.90041865714382,1.7666160493830438,-8.967092937995524,0.0,Sharpe
AMT,2018,4.056266333988242,0.20886681079554187,-11.707849096037604,1.0,Sharpe
AMT,2019,44.62287841726087,1.7079548952882786,-14.208054807694893,0.0,Sharpe
AMT,2020,0.0,,-0.0,0.0,Sharpe
AMT,2021,36.75072991418048,1.3782627141418355,-15.653580202896645,0.0,Sharpe
AMT,2022,-21.46423733915226,-0.8607461397279076,-34.00816943893267,1.0,Sharpe
AMT,2023,22.915109222776664,1.0978093238006614,-13.530392908304044,0.0,Sharpe
AMT,2024,-6.09533955159859,-0.34811949573709183,-25.498432641661783,1.0,Sharpe
AMZN,2000,,,,,Sharpe
AMZN,2001,-61.706585121447745,-1.3483602837004582,-72.705870210965,1.0,Sharpe
AMZN,2002,75.99143797279241,0.7659637543036217,-23.7577625252799,1.0,Sharpe
AMZN,2003,109.25648218142032,1.265564076184927,-20.579748124298302,1.0,Sharpe
AMZN,2004,-11.260175183984048,-0.3900029894081114,-38.45950368194128,1.0,Sharpe
AMZN,2005,7.222383784360882,0.3170465024742146,-17.003523503012218,0.0,Sharpe
AMZN,2006,35.51069109959602,1.182217355963206,-11.265907988824308,0.0,Sharpe
AMZN,2007,107.15234170043233,0.9767067676338864,-23.625289890474722,1.0,Sharpe
AMZN,2008,-47.629324962434765,-1.2835228885758558,-60.230523281157375,1.0,Sharpe
AMZN,2009,176.12015292792321,1.2917912822431776,-12.857200130387925,1.0,Sharpe
AMZN,2010,30.98550843711377,0.8302525716829032,-20.677413077149588,1.0,Sharpe
AMZN,2011,-8.706387238960197,-0.24628723657612656,-29.82061524367299,1.0,Sharpe
AMZN,2012,30.110454531249996,0.7500936008282102,-15.694588290137911,1.0,Sharpe
AMZN,2013,39.01578056639672,1.6143533698467984,-7.076617919440665,0.0,Sharpe
AMZN,2014,-6.207364873123152,-0.39869601395650384,-17.102021440947148,1.0,Sharpe
AMZN,2015,76.51328354496,1.396301039291038,-16.11222430412359,1.0,Sharpe
AMZN,2016,20.424458424758903,0.6373388237768315,-24.095789134699707,1.0,Sharpe
AMZN,2017,42.17084307544706,1.5201950006268885,-7.906342985030013,1.0,Sharpe
AMZN,2018,2.363739136962904,0.06500203165151293,-34.032418450696554,1.0,Sharpe
AMZN,2019,14.22033539794922,0.5693617800854223,-15.537894060675484,0.0,Sharpe
AMZN,2020,75.05763186904908,1.0816339068577925,-22.71022207867167,2.0,Sharpe
AMZN,2021,5.48675765167236,0.2157579617978141,-14.513637958692104,0.0,Sharpe
AMZN,2022,-27.522610125808693,-1.263584478977128,-39.6008775876462,2.0,Sharpe
AMZN,2023,49.73393778503418,1.0498947046076492,-19.497232977492708,0.0,Sharpe
AMZN,2024,51.64464559020997,1.4278460232786756,-8.090269760559599,1.0,Sharpe
AXP,2000,,,,,Sharpe
AXP,2001,0.0,,-0.0,0.0,Sharpe
AXP,2002,-8.114470435121584,-0.22957678093847428,-43.09241076780707,1.0,Sharpe
AXP,2003,29.98593124025443,0.891745627899169,-18.283618527321256,0.0,Sharpe
AXP,2004,13.638307270611058,1.6345801640793851,-3.9684964083521956,0.0,Sharpe
AXP,2005,9.795535329120103,0.6888726016901,-9.18500934173293,0.0,Sharpe
AXP,2006,14.570863744092513,1.5133582184604382,-2.4911517479235368,0.0,Sharpe
AXP,2007,-14.606442457058838,-0.5773974836622006,-22.275440208099383,1.0,Sharpe
AXP,2008,-55.44133077343613,-1.642651190006461,-65.87760060528682,1.0,Sharpe
AXP,2009,118.35757126719403,0.8064207237946021,-31.336754098952248,2.0,Sharpe
AXP,2010,11.411606399977682,0.3212346397719072,-21.462140038867304,1.0,Sharpe
AXP,2011,5.999759529039711,0.18274121465364626,-20.129137765827355,0.0,Sharpe
AXP,2012,18.691529694273466,0.8014725850637052,-12.44566825770599,1.0,Sharpe
AXP,2013,49.2197841394331,1.8629183383043768,-8.86209080209267,1.0,Sharpe
AXP,2014,0.0,,-0.0,0.0,Sharpe
AXP,2015,-11.697969144544095,-0.8312362759266646,-16.17296515312733,1.0,Sharpe
AXP,2016,12.537919714123671,0.45907784617357394,-21.17962407818895,1.0,Sharpe
AXP,2017,19.938572921803495,1.382541770098939,-7.386241865627364,1.0,Sharpe
AXP,2018,-2.551712758378708,-0.1579447694745927,-20.67066428825828,0.0,Sharpe
AXP,2019,27.647953377683027,1.3155151457441616,-12.217124983110928,0.0,Sharpe
AXP,2020,27.90158326818906,0.7435387661090456,-14.669885290955353,0.0,Sharpe
AXP,2021,31.153793954376287,0.8559380681374932,-19.72808543353295,0.0,Sharpe
AXP,2022,-5.6203286911057155,-0.3056534334066461,-16.88155846120648,0.0,Sharpe
AXP,2023,0.0,,-0.0,0.0,Sharpe
AXP,2024,53.82296928315468,1.671505500249441,-6.4115390618064705,1.0,Sharpe
BA,2000,,,,,Sharpe
BA,2001,-43.1778916805027,-1.7739178300397807,-56.52156960676589,1.0,Sharpe
BA,2002,-19.825062772188577,-0.6133562937204678,-42.50235256944155,1.0,Sharpe
BA,2003,24.212271764053874,1.1430335330305426,-12.012489632433764,0.0,Sharpe
BA,2004,4.978298075772181,0.33110145990977763,-11.198965495326474,0.0,Sharpe
BA,2005,37.294728325253836,1.2689175775015333,-7.914841251854776,0.0,Sharpe
BA,2006,37.07889655400326,1.3453314242438423,-13.563941358925591,1.0,Sharpe
BA,2007,1.3392137600319074,0.0649926873943223,-18.60176748653638,1.0,Sharpe
BA,2008,0.0,,-0.0,0.0,Sharpe
BA,2009,23.857468495947067,0.5055886064490255,-34.27346929552374,1.0,Sharpe
BA,2010,9.957832491004009,0.34239905489482336,-19.978100987111837,1.0,Sharpe
BA,2011,26.370928496058948,0.8152121772826868,-13.75626630906045,1.0,Sharpe
BA,2012,3.365953772283592,0.3260815251594684,-6.1029030180107195,0.0,Sharpe
BA,2013,82.48265928626482,2.5311946370903824,-4.944629345239204,1.0,Sharpe
BA,2014,-4.629922962571072,-0.35484482972423015,-13.871983510908048,1.0,Sharpe
BA,2015,16.06919004742127,0.6754203718582356,-18.802749281388575,1.0,Sharpe
BA,2016,14.663853966758762,0.5543577905219098,-17.01224599007436,1.0,Sharpe
BA,2017,47.70519124009627,2.5509895076165323,-4.462809598189721,1.0,Sharpe
BA,2018,-5.435377302176385,-0.2662243903488891,-24.406722461226714,1.0,Sharpe
BA,2019,-1.8835054615027182,-0.11151941808224018,-15.18107014556499,0.0,Sharpe
BA,2020,23.197178915405274,0.5586021622115912,-19.615227507794174,0.0,Sharpe
BA,2021,-2.3322465307617315,-0.06611284769418171,-29.92610558620451,1.0,Sharpe
BA,2022,11.78560318603517,0.4131814982943396,-28.472198937988292,0.0,Sharpe
BA,2023,0.0,,-0.0,0.0,Sharpe
BA,2024,-0.21097829101561727,-0.008560592974273442,-27.288144170315476,0.0,Sharpe
BAC,2000,,,,,Sharpe
BAC,2001,39.883696339245,0.8647426214305096,-20.820581968184136,0.0,Sharpe
BAC,2002,7.519954573394625,0.22732262615419374,-34.98135930746188,1.0,Sharpe
BAC,2003,16.973082018013375,0.7269189909013637,-11.878229331699064,0.0,Sharpe
BAC,2004,15.835051040127857,1.1226450982770912,-5.821217766129383,1.0,Sharpe
BAC,2005,7.662135235431397,0.9433794594194995,-4.825184565604356,0.0,Sharpe
BAC,2006,12.217625156066388,1.0613052507441532,-7.206704720900836,1.0,Sharpe
BAC,2007,-11.90574986951573,-0.6931663862109838,-20.48259467195843,1.0,Sharpe
BAC,2008,-27.035344434074066,-0.33176917718657073,-70.49033158169914,1.0,Sharpe
BAC,2009,105.12821586134964,0.5747583379761039,-40.814604403583964,2.0,Sharpe
BAC,2010,-5.287359735766258,-0.1610673497041695,-33.43161278953139,2.0,Sharpe
BAC,2011,-32.476255630829876,-1.2686015070132133,-38.69238341958214,1.0,Sharpe
BAC,2012,55.292009613912704,1.0940863782673718,-31.21313059808942,1.0,Sharpe
BAC,2013,31.432465879781397,1.0220005052764993,-10.99620857296868,0.0,Sharpe
BAC,2014,17.65469614050855,1.2107985142727964,-8.843272888577204,0.0,Sharpe
BAC,2015,0.0,,-0.0,0.0,Sharpe
BAC,2016,28.400510071265362,0.7815574974961328,-30.04742379564519,1.0,Sharpe
BAC,2017,23.62637242747187,1.63801958860316,-5.8390596074497925,0.0,Sharpe
BAC,2018,-15.099649480443986,-1.102244395964456,-24.101016914179553,1.0,Sharpe
BAC,2019,47.124116917250504,1.6142503791104543,-13.53383323770384,1.0,Sharpe
BAC,2020,29.155796357214186,0.9040712755704464,-12.983737123409044,0.0,Sharpe
BAC,2021,37.92866715497925,1.2155169484972506,-10.369619974686096,1.0,Sharpe
BAC,2022,-2.185046540174644,-0.11846858965430455,-16.94699392259087,0.0,Sharpe
BAC,2023,20.91781904851561,0.9577046892646793,-21.31630882040605,1.0,Sharpe
BAC,2024,48.47215861942472,1.584094458115902,-8.680728896200051,1.0,Sharpe
BLK,2000,,,,,Sharpe
BLK,2001,4.117819199371334,0.17461587939754536,-13.856281862495411,0.0,Sharpe
BLK,2002,-11.2483578141601,-0.42577352212108166,-31.5070298248147,1.0,Sharpe
BLK,2003,21.622766568978605,0.9480817469291193,-6.425642677378873,1.0,Sharpe
BLK,2004,17.994183282847754,0.7350586838244114,-11.047742702003504,1.0,Sharpe
BLK,2005,31.638847973794128,1.5559047511311748,-6.812007136104881,1.0,Sharpe
BLK,2006,24.70366414805416,0.8069982354734302,-17.453373095302982,1.0,Sharpe
BLK,2007,37.31823314618069,1.3905621731989521,-10.848117919624967,1.0,Sharpe
BLK,2008,-23.526837656270036,-0.4305293010152035,-56.93820666401079,1.0,Sharpe
BLK,2009,47.73261108926054,1.0626194515218395,-13.519608683078332,0.0,Sharpe
BLK,2010,13.80715687565542,0.8964540803139728,-9.013095003509031,0.0,Sharpe
BLK,2011,16.899892205946234,0.44365102750087054,-15.716279002289102,1.0,Sharpe
BLK,2012,14.898256857100915,0.8638942932088343,-15.569947768333769,1.0,Sharpe
BLK,2013,44.64252725826907,1.3948084001810013,-15.207670750785883,1.0,Sharpe
BLK,2014,9.642245757252239,0.6696800500760021,-9.893753847847265,1.0,Sharpe
BLK,2015,16.753913689095626,0.7569286588239984,-11.453569857460899,1.0,Sharpe
BLK,2016,21.00185566380238,0.8048883133691229,-9.291812134914956,1.0,Sharpe
BLK,2017,22.904062175410417,1.595061333913659,-5.24046420751636,2.0,Sharpe
BLK,2018,-22.420931648248924,-1.4385169431429883,-32.830666996031056,1.0,Sharpe
BLK,2019,36.462896793417585,1.6077061821222762,-14.052624160926142,1.0,Sharpe
BLK,2020,50.69986596126142,2.001449242899398,-8.668776048575799,1.0,Sharpe
BLK,2021,40.23304701825509,1.3390228785351932,-11.443878553441644,1.0,Sharpe
BLK,2022,41.04584141705829,1.1636186094375829,-14.696031983302793,1.0,Sharpe
BLK,2023,28.247887311489865,1.5119558840941885,-13.287839597701245,1.0,Sharpe
BLK,2024,9.562241059391727,0.6538895385693502,-11.047246315740466,1.0,Sharpe
CAT,2000,,,,,Sharpe
CAT,2001,19.502225438799943,0.7278935904185366,-13.187995843275967,1.0,Sharpe
CAT,2002,8.613876631737476,0.3177842523210013,-20.402662475251653,2.0,Sharpe
CAT,2003,47.59612202140268,1.855021289484901,-7.337149495242434,2.0,Sharpe
CAT,2004,18.636016527886824,0.9660317357041294,-15.532060885645071,2.0,Sharpe
CAT,2005,16.899593572400555,0.8133202197551539,-11.111498968865218,2.0,Sharpe
CAT,2006,2.179947568361276,0.10126251111580115,-25.947174412183216,3.0,Sharpe
CAT,2007,10.022446603919125,0.453801185434696,-19.632934997508865,2.0,Sharpe
CAT,2008,3.5825717723098207,0.08671249688960457,-37.69772860616977,3.0,Sharpe
CAT,2009,46.36055440262364,1.1209743362278863,-14.207005940300753,1.0,Sharpe
CAT,2010,27.876802873973467,0.8749243877014639,-20.235682664614863,3.0,Sharpe
CAT,2011,-6.7934279606808925,-0.23269803360398666,-30.34367634422851,2.0,Sharpe
CAT,2012,2.471131443769791,0.11762378713380606,-23.982468301546845,2.0,Sharpe
CAT,2013,-0.514875934043248,-0.056328178998158646,-11.778043250620184,3.0,Sharpe
CAT,2014,15.71244062750613,0.764369427431895,-16.02686234903907,1.0,Sharpe
CAT,2015,-12.516528323828533,-0.896375777218564,-20.67528991862759,1.0,Sharpe
CAT,2016,35.911961669715275,1.112752628029058,-11.075490399673061,2.0,Sharpe
CAT,2017,34.41508146711308,1.8072457792383008,-7.6759685680219185,3.0,Sharpe
CAT,2018,-15.92106260994773,-0.7807464891936579,-31.875987010908435,1.0,Sharpe
CAT,2019,24.677049592423536,0.9204466266336273,-12.194951063354576,2.0,Sharpe
CAT,2020,15.059473682691603,0.733668188212813,-12.63009838855178,1.0,Sharpe
CAT,2021,16.72233512715133,0.6565301847676285,-15.942316281943736,2.0,Sharpe
CAT,2022,21.144273456256016,0.8955703730857966,-15.353052385818188,2.0,Sharpe
CAT,2023,31.96750819858309,1.3225267251156558,-15.183256244950282,1.0,Sharpe
CAT,2024,27.342250405551095,0.9994885181947186,-13.353047884887925,1.0,Sharpe
CMCSA,2000,,,,,Sharpe
CMCSA,2001,9.806616163713787,0.5867204185347986,-12.748155774569502,0.0,Sharpe
CMCSA,2002,0.3683388042636216,0.010075787033577557,-25.893773622494187,0.0,Sharpe
CMCSA,2003,22.77261479422026,0.5625956013782645,-13.802922688840125,1.0,Sharpe
CMCSA,2004,18.73708342648464,1.650063937261838,-6.482639466343287,0.0,Sharpe
CMCSA,2005,-17.435665111180494,-1.2571288866216084,-22.62035209797746,2.0,Sharpe
CMCSA,2006,35.24869633727667,1.5928500181354555,-7.663587325094956,2.0,Sharpe
CMCSA,2007,-30.787859763075065,-1.750183927260203,-39.233050765585965,1.0,Sharpe
CMCSA,2008,-6.259976388265423,-0.10552531249833996,-42.07197064400855,2.0,Sharpe
CMCSA,2009,12.173278772430185,0.4879899418139654,-18.73852529352473,4.0,Sharpe
CMCSA,2010,30.316689528152434,1.0088987329773524,-17.75042947420513,1.0,Sharpe
CMCSA,2011,18.67339297134649,0.6674776902277918,-15.31231770114867,1.0,Sharpe
CMCSA,2012,29.261488355820873,1.5797669302274238,-6.567179814315294,1.0,Sharpe
CMCSA,2013,17.62309278863184,0.9650707523952263,-13.704762676830462,2.0,Sharpe
CMCSA,2014,10.742319881221775,0.7238218727717615,-13.001204485232808,1.0,Sharpe
CMCSA,2015,23.26115989937145,1.0391916564542172,-10.552816207949522,2.0,Sharpe
CMCSA,2016,25.424012224014298,1.2112672932098154,-10.999938995365532,2.0,Sharpe
CMCSA,2017,24.005383859981265,1.091142100646529,-8.906666502467619,2.0,Sharpe
CMCSA,2018,-2.4643025450117966,-0.14932820128768357,-16.0763593778242,0.0,Sharpe
CMCSA,2019,32.43931385131327,1.3519037334614834,-10.006617940711282,1.0,Sharpe
CMCSA,2020,24.606570237780907,1.2299856595188212,-10.996357161011938,1.0,Sharpe
CMCSA,2021,-1.0083214613462042,-0.04180038600906561,-22.30629907974181,2.0,Sharpe
CMCSA,2022,2.438141367070348,0.10569782366285052,-21.075059182347587,1.0,Sharpe
CMCSA,2023,10.77458249975698,0.5998221313791996,-16.320757036446953,1.0,Sharpe
CMCSA,2024,-3.278041488181861,-0.2129256991915097,-17.144587936370193,0.0,Sharpe
COP,2000,,,,,Sharpe
COP,2001,8.747029769442124,0.4478657083512545,-10.754853734680204,0.0,Sharpe
COP,2002,-6.416147509646744,-0.3220523931893127,-19.982447593455888,1.0,Sharpe
COP,2003,27.688377097406082,1.3397168018354202,-9.196902712952038,1.0,Sharpe
COP,2004,24.349496433741187,1.098684548702597,-7.70759488510262,2.0,Sharpe
COP,2005,17.004732922162965,0.5310535034605538,-18.71088006323034,1.0,Sharpe
COP,2006,29.28004394847854,1.03117267995076,-17.741514515680336,2.0,Sharpe
COP,2007,21.791151592517544,0.7279501134309241,-14.778411354265508,1.0,Sharpe
COP,2008,-43.01234882159955,-1.1652388982188429,-55.53514607096158,2.0,Sharpe
COP,2009,7.597317546890681,0.3621105285138104,-15.633412653920242,1.0,Sharpe
COP,2010,19.423262063397086,0.8306100456193346,-16.105672577187757,1.0,Sharpe
COP,2011,26.207909105211186,0.9440832182967855,-14.698864101489573,2.0,Sharpe
COP,2012,6.928328106537811,0.5043084228517996,-9.563556906195103,1.0,Sharpe
COP,2013,6.534712011271386,0.46977602204501706,-7.089100353878964,1.0,Sharpe
COP,2014,-2.344439264645898,-0.11457503222045731,-28.083399230817086,1.0,Sharpe
COP,2015,-6.208654441223625,-0.2548655541809395,-20.468363613728503,1.0,Sharpe
COP,2016,20.680624675627985,0.40431441972945376,-30.291114263394903,1.0,Sharpe
COP,2017,15.160440697713693,1.3150309757162981,-8.39019408531122,0.0,Sharpe
COP,2018,-11.297184529990808,-0.6000085439950241,-28.276648142125683,1.0,Sharpe
COP,2019,7.861521121920415,0.37107436293677737,-22.180082627805497,1.0,Sharpe
COP,2020,5.879428400263605,0.13992817697167442,-34.273065507921544,1.0,Sharpe
COP,2021,46.8101277052158,1.0190675853209634,-18.66994650377275,2.0,Sharpe
COP,2022,57.06667945592071,1.0189009441804413,-18.108723331584788,1.0,Sharpe
COP,2023,0.3522406161554318,0.02321838931133059,-12.24080141348688,0.0,Sharpe
COP,2024,-6.838647741702153,-0.37530774968968517,-21.818043762787898,1.0,Sharpe
CRM,2000,,,,,Sharpe
CRM,2001,,,,,Sharpe
CRM,2002,,,,,Sharpe
CRM,2003,,,,,Sharpe
CRM,2004,,,,,Sharpe
CRM,2005,23.6763056446259,0.8473729679573156,-23.906905248223886,1.0,Sharpe
CRM,2006,7.000764504321396,0.33542879444900586,-18.060975575875226,0.0,Sharpe
CRM,2007,47.41973111708985,0.8650850107275819,-16.759227786645315,2.0,Sharpe
CRM,2008,-0.40872844178427836,-0.006417368239187846,-41.98106143368132,2.0,Sharpe
CRM,2009,59.454313164064445,1.2316837890742465,-19.481143660645305,1.0,Sharpe
CRM,2010,43.29107336551937,0.7597019229156933,-16.749677220176306,3.0,Sharpe
CRM,2011,-21.353527070967186,-0.8212285209610711,-29.53875021642114,3.0,Sharpe
CRM,2012,62.934526527368526,1.3749029741904732,-16.148402673847983,2.0,Sharpe
CRM,2013,29.52943989259731,0.8895517673399959,-15.611482064489246,2.0,Sharpe
CRM,2014,20.038056200030894,0.642683239190353,-16.591763967232843,4.0,Sharpe
CRM,2015,25.581208400368343,0.7433291140773858,-9.309829404289916,1.0,Sharpe
CRM,2016,2.5608858106030854,0.14502057979033714,-12.378721009541172,1.0,Sharpe
CRM,2017,32.836259718197,1.9022248465094445,-8.208113937478679,3.0,Sharpe
CRM,2018,14.12811807791819,0.3687292535013148,-24.7331360228872,1.0,Sharpe
CRM,2019,40.104581534056436,1.5333586835609598,-8.049215008803156,3.0,Sharpe
CRM,2020,16.70897231929359,0.38539375481677984,-21.687873771358458,2.0,Sharpe
CRM,2021,-7.2826761038945005,-0.34487412565803577,-20.996577069938247,4.0,Sharpe
CRM,2022,-22.952978679164428,-1.064667241284328,-34.09121327826943,2.0,Sharpe
CRM,2023,98.73320726292147,1.8435338587982786,-12.943004318495731,2.0,Sharpe
CRM,2024,26.13631092691341,0.8980154557492213,-15.088927032713894,1.0,Sharpe
CSCO,2000,,,,,Sharpe
CSCO,2001,37.75023395611912,0.6016418868690768,-20.456897289725607,1.0,Sharpe
CSCO,2002,-3.8406214398709198,-0.08909758335624791,-41.79110256792987,1.0,Sharpe
CSCO,2003,11.88587713553523,0.4907672158056688,-13.788095108451204,1.0,Sharpe
CSCO,2004,-12.016574832098941,-0.6032613435525805,-26.23417356494395,1.0,Sharpe
CSCO,2005,-6.992067192240501,-0.49904697809622894,-19.616673319468557,1.0,Sharpe
CSCO,2006,27.587794138477367,1.0943457268085905,-8.738107985391109,1.0,Sharpe
CSCO,2007,-5.744317686414034,-0.30063445523406024,-20.856710468794404,1.0,Sharpe
CSCO,2008,0.0,,-0.0,0.0,Sharpe
CSCO,2009,14.800364781301997,0.40086358937577826,-20.055519218962946,2.0,Sharpe
CSCO,2010,-11.043868842962656,-0.4638219957947516,-25.545777573379556,2.0,Sharpe
CSCO,2011,10.225763114579694,0.4969259616878722,-8.937081383853085,0.0,Sharpe
CSCO,2012,5.194164180872722,0.3328814789688949,-19.971000514057526,2.0,Sharpe
CSCO,2013,-7.5897000756046324,-0.3917911406071519,-22.694101013824675,2.0,Sharpe
CSCO,2014,27.244042200405655,1.302402074591664,-13.619953273968433,2.0,Sharpe
CSCO,2015,6.966515536000352,0.5404796656717418,-10.897359923453543,0.0,Sharpe
CSCO,2016,15.137965927315927,0.654935039516684,-11.518383147909116,1.0,Sharpe
CSCO,2017,24.41719049742016,1.5119758019691691,-9.243774414137695,1.0,Sharpe
CSCO,2018,2.2549451507953746,0.08823867002395624,-19.006382378668242,2.0,Sharpe
CSCO,2019,14.443707540356646,0.5263674503565847,-23.37706634605119,1.0,Sharpe
CSCO,2020,11.507997625232546,0.47420889325702653,-17.22644630642919,1.0,Sharpe
CSCO,2021,48.49764265878977,1.709560643429366,-8.919167326687305,1.0,Sharpe
CSCO,2022,11.640426653822452,0.7613907217790811,-7.911249714890934,0.0,Sharpe
CSCO,2023,-2.674986050057123,-0.1474810017050364,-16.93485804510091,2.0,Sharpe
CSCO,2024,16.750796528540267,1.6856061399431999,-4.141867963856106,0.0,Sharpe
CVX,2000,,,,,Sharpe
CVX,2001,15.6107990429241,0.5847888692135339,-19.05569588257128,1.0,Sharpe
CVX,2002,-22.69453428190485,-1.0424889846903962,-25.688000687281498,1.0,Sharpe
CVX,2003,19.96302170377421,1.031849576897704,-10.511994021852644,2.0,Sharpe
CVX,2004,18.217676826869813,0.9764568509390016,-6.634875152780728,1.0,Sharpe
CVX,2005,-4.635667480819811,-0.3289597697503846,-15.1966514641251,0.0,Sharpe
CVX,2006,14.458943337554592,0.7316167019152661,-12.677711840710659,1.0,Sharpe
CVX,2007,31.117689416259235,1.0528828826999614,-13.188776306729322,1.0,Sharpe
CVX,2008,-8.556093739898733,-0.15737456287682894,-43.429582391732644,1.0,Sharpe
CVX,2009,14.259425953424397,1.1270060753554991,-6.183757904274467,0.0,Sharpe
CVX,2010,11.393907209603677,0.5974967228773717,-15.840376660296362,1.0,Sharpe
CVX,2011,22.156996779044693,0.7414142605063402,-15.55911030068552,1.0,Sharpe
CVX,2012,4.253202595830862,0.36388315484337597,-13.069334508586017,0.0,Sharpe
CVX,2013,15.867953378427046,1.0587353555955417,-8.33336022136999,0.0,Sharpe
CVX,2014,-4.071183973455736,-0.2358326852563207,-23.721811159562336,1.0,Sharpe
CVX,2015,5.489892753579988,0.20460453353017768,-22.954124078903526,1.0,Sharpe
CVX,2016,57.66120653253846,1.7190102317606197,-6.146409118078832,1.0,Sharpe
CVX,2017,16.67132225376292,1.7137263708188664,-5.548564080666507,0.0,Sharpe
CVX,2018,-14.13997408477788,-0.6966305503918692,-22.99711553807089,1.0,Sharpe
CVX,2019,16.170622596041085,0.8008263151996868,-10.51185809913262,1.0,Sharpe
CVX,2020,1.7951013225123644,0.06416334044480616,-25.733931300187496,1.0,Sharpe
CVX,2021,40.416029360958255,1.2690491781831894,-10.770136468221125,1.0,Sharpe
CVX,2022,43.27839497534089,0.9895809633282094,-24.41607295914666,1.0,Sharpe
CVX,2023,0.7420793509420037,0.047003392598536295,-16.899102016692847,1.0,Sharpe
CVX,2024,7.039833283998886,0.3867099315461479,-13.091632497950357,1.0,Sharpe
DIS,2000,,,,,Sharpe
DIS,2001,16.210361026102856,0.819686798057137,-8.826154768519423,0.0,Sharpe
DIS,2002,-12.212186451054768,-0.3877528021306022,-30.00678741813825,1.0,Sharpe
DIS,2003,31.60294198115653,1.2665136125250294,-10.19480561695314,1.0,Sharpe
DIS,2004,19.62125301920869,0.7298587882779547,-15.792441968326553,2.0,Sharpe
DIS,2005,-2.6791466831298205,-0.17101245378290728,-17.48020749160539,2.0,Sharpe
DIS,2006,35.79808772864246,1.565876065825398,-8.001368577162305,1.0,Sharpe
DIS,2007,-3.9241994982357213,-0.3188665703736868,-11.904895624414468,0.0,Sharpe
DIS,2008,-28.009623410538868,-0.7433469291029121,-46.415086015379906,1.0,Sharpe
DIS,2009,12.661366231093762,0.5085229184249498,-20.84931191669426,2.0,Sharpe
DIS,2010,20.55103409446412,0.8847424076206165,-14.819389076500045,1.0,Sharpe
DIS,2011,28.72038173394516,0.9250886432628479,-14.698791917146913,1.0,Sharpe
DIS,2012,12.890171156626968,0.7155021414329481,-11.133603187988218,1.0,Sharpe
DIS,2013,50.58227121719355,2.085884218512714,-8.391750390821507,1.0,Sharpe
DIS,2014,19.609070771902115,0.9674918890090648,-10.07660925514553,1.0,Sharpe
DIS,2015,22.645298870232782,0.9311779455991199,-12.152296335231217,1.0,Sharpe
DIS,2016,10.982227529572338,0.5972214015876977,-12.391895345514447,1.0,Sharpe
DIS,2017,6.252987520884762,0.446659118972991,-11.896968599086055,2.0,Sharpe
DIS,2018,6.235067743994787,0.3943410330859648,-14.848477474418587,0.0,Sharpe
DIS,2019,26.046828701680784,0.9475970474759566,-11.907622789413741,2.0,Sharpe
DIS,2020,71.59524699787747,1.5340798034625402,-8.100083075570119,1.0,Sharpe
DIS,2021,-11.242363901112258,-0.5580629711079683,-27.620384367818474,2.0,Sharpe
DIS,2022,-19.075418949248995,-0.8546879618861121,-32.627442782557615,1.0,Sharpe
DIS,2023,12.869468258182224,0.893566018376692,-7.924957294131863,0.0,Sharpe
DIS,2024,30.36331138907215,1.0069003815410913,-20.62013593869868,1.0,Sharpe
DUK,2000,,,,,Sharpe
DUK,2001,17.932726407897608,0.46699699711877046,-20.09018221881741,1.0,Sharpe
DUK,2002,-9.692264091719045,-0.40191934596424855,-22.556272633637064,1.0,Sharpe
DUK,2003,26.53106651087881,1.2374616578253173,-14.258992132487624,1.0,Sharpe
DUK,2004,22.199787274648404,1.1616406891961735,-8.594786117093967,2.0,Sharpe
DUK,2005,13.436750011201603,0.7063193294358568,-15.176317712448306,1.0,Sharpe
DUK,2006,19.33718068330605,1.3614204000419177,-4.184671992585054,2.0,Sharpe
DUK,2007,10.92074264394938,0.7334514755946595,-9.407041421609375,1.0,Sharpe
DUK,2008,-12.197429601621424,-0.4071303313555387,-22.342908366888015,0.0,Sharpe
DUK,2009,17.841784527643394,1.7068735734815936,-3.633266098171406,1.0,Sharpe
DUK,2010,6.906682395219377,0.7967352132954454,-5.0475730890452875,1.0,Sharpe
DUK,2011,21.374210564113362,1.510326852767151,-5.376715205561078,2.0,Sharpe
DUK,2012,3.255094259816324,0.3152231631374202,-10.897729019355374,1.0,Sharpe
DUK,2013,12.521960135475329,1.1429906733092214,-8.58346264497939,2.0,Sharpe
DUK,2014,21.904438140533074,1.5468061513078883,-4.465440461819837,1.0,Sharpe
DUK,2015,-0.3038747345773118,-0.02258741980199673,-12.50147139266864,1.0,Sharpe
DUK,2016,5.544259489214146,0.3210021257589669,-14.727458618810306,1.0,Sharpe
DUK,2017,7.494211967072606,0.7284603344914159,-7.283209233011201,2.0,Sharpe
DUK,2018,8.660031695020898,0.6490042171308781,-7.986925498683584,1.0,Sharpe
DUK,2019,9.126902904711406,0.8454200964390658,-9.821834641710147,1.0,Sharpe
DUK,2020,1.2924140893958065,0.032685834199508254,-37.34822402714746,4.0,Sharpe
DUK,2021,22.38262738411644,1.1674065945659209,-8.659626513782225,2.0,Sharpe
DUK,2022,7.908230986687413,0.36943805612391517,-23.89998556012457,1.0,Sharpe
DUK,2023,13.11405491214715,0.9975258246721255,-10.432768323768293,1.0,Sharpe
DUK,2024,5.330558054084068,0.41420977618754706,-11.539332453745821,1.0,Sharpe
GOOGL,2000,,,,,Sharpe
GOOGL,2001,,,,,Sharpe
GOOGL,2002,,,,,Sharpe
GOOGL,2003,,,,,Sharpe
GOOGL,2004,,,,,Sharpe
GOOGL,2005,,,,,Sharpe
GOOGL,2006,2.954735127865824,0.08932002922957441,-28.525697680342844,1.0,Sharpe
GOOGL,2007,33.37570870346586,1.1159142972713885,-15.628211565482086,1.0,Sharpe
GOOGL,2008,-57.36184998469125,-2.419248860955863,-59.10426247877998,1.0,Sharpe
GOOGL,2009,67.19920631983004,1.601857394429608,-23.196725534183848,1.0,Sharpe
GOOGL,2010,26.768934345626384,1.28572592006162,-11.328294109942483,0.0,Sharpe
GOOGL,2011,19.4766500367345,0.9305549239549905,-9.354349457138566,0.0,Sharpe
GOOGL,2012,10.65406682832563,0.7184472394645102,-15.728096550011195,0.0,Sharpe
GOOGL,2013,57.47463662143778,1.7363984986956846,-8.667341318539723,1.0,Sharpe
GOOGL,2014,-10.397943673489662,-0.927465579234959,-17.70571034757826,1.0,Sharpe
GOOGL,2015,22.72215386662909,0.8453564521839396,-14.94962120146508,1.0,Sharpe
GOOGL,2016,1.5797244736198628,0.1493872383849481,-9.868921009580855,1.0,Sharpe
GOOGL,2017,18.221682249344738,1.0408090435941328,-14.555031103618854,1.0,Sharpe
GOOGL,2018,-9.303997183917017,-0.5184606757285042,-20.160139548258392,1.0,Sharpe
GOOGL,2019,14.961995154402175,0.670966290388281,-19.84045224422356,2.0,Sharpe
GOOGL,2020,18.809224280191156,0.416162658783744,-30.74205209733313,1.0,Sharpe
GOOGL,2021,58.38372229642423,1.5676382181771238,-8.037034557933953,0.0,Sharpe
GOOGL,2022,-20.71941488716935,-1.1383030106315712,-30.343131047102435,1.0,Sharpe
GOOGL,2023,45.29061069099307,1.0710425140207214,-17.147302039533695,1.0,Sharpe
GOOGL,2024,28.775507685568375,0.8010224685753996,-21.95472558903715,0.0,Sharpe
GS,2000,,,,,Sharpe
GS,2001,8.875327384921839,0.34493956791445324,-20.90551021216226,1.0,Sharpe
GS,2002,10.454258625636411,0.38752756211980927,-15.007185174772209,1.0,Sharpe
GS,2003,27.675420311474447,1.2552385417548486,-12.323691473168275,1.0,Sharpe
GS,2004,7.386738725004579,0.442958244965907,-15.701389709484648,1.0,Sharpe
GS,2005,10.09581298113786,0.6656091746191686,-10.858025246714432,1.0,Sharpe
GS,2006,41.873768342902224,1.5695718465756703,-14.46303123777536,1.0,Sharpe
GS,2007,2.931614677716225,0.12299217865993015,-18.610498488407124,0.0,Sharpe
GS,2008,-34.10653485973025,-0.7009470759557525,-55.41505973846832,2.0,Sharpe
GS,2009,104.31248861408167,0.787175925240795,-23.96793448132224,2.0,Sharpe
GS,2010,-4.530577652509492,-0.184370147722118,-23.009775218220852,1.0,Sharpe
GS,2011,-24.252585321818316,-0.9720359364779979,-27.21628981795934,1.0,Sharpe
GS,2012,42.79160332853153,1.2488738343093362,-14.908691803595831,1.0,Sharpe
GS,2013,5.129967970014459,0.24955768100169076,-23.30874565200257,2.0,Sharpe
GS,2014,13.360121512015976,1.0648664253525955,-8.194984834395736,0.0,Sharpe
GS,2015,11.634149424439274,0.5573966485733373,-11.500134006939733,2.0,Sharpe
GS,2016,46.39474210518207,2.444803990980253,-2.7803306792417604,0.0,Sharpe
GS,2017,-0.4987966367194895,-0.034557320249267734,-15.198429974090356,1.0,Sharpe
GS,2018,-36.45981236297645,-2.439794258186927,-40.92463464671886,2.0,Sharpe
GS,2019,22.851716557764632,0.8942709803534847,-15.874528012575462,2.0,Sharpe
GS,2020,28.006487718082607,0.8778170914685325,-14.242040781105924,1.0,Sharpe
GS,2021,32.90218366174524,0.9998867311942975,-11.911348460337845,1.0,Sharpe
GS,2022,16.35316649345672,0.8908794235803593,-11.663836628629664,1.0,Sharpe
GS,2023,21.130685611958505,1.1137642129864425,-19.956328166073767,1.0,Sharpe
GS,2024,39.806458982986555,1.2138635436994047,-9.649683431470091,2.0,Sharpe
HD,2000,,,,,Sharpe
HD,2001,31.123296818180535,0.9926103530950464,-13.934139436151582,2.0,Sharpe
HD,2002,-39.82364321943279,-2.81728832287367,-40.673784773311574,1.0,Sharpe
HD,2003,18.785276642941117,0.8512444692299075,-11.651825400953042,2.0,Sharpe
HD,2004,17.190051151510126,0.9933176222607547,-5.266730759530303,2.0,Sharpe
HD,2005,6.586406196349398,0.48704488260732454,-9.415064436569743,1.0,Sharpe
HD,2006,10.574923782775077,0.995976011201236,-5.693897874358045,0.0,Sharpe
HD,2007,-28.910996607901108,-2.153227048715519,-32.7065424113785,3.0,Sharpe
HD,2008,1.3184589267515365,0.030703793211467243,-32.62724077121578,3.0,Sharpe
HD,2009,16.998803885231172,0.7092786325322988,-13.194486494588443,2.0,Sharpe
HD,2010,32.59287909981182,1.2897949590672122,-12.921793244902647,1.0,Sharpe
HD,2011,28.119578519970457,1.4009559139220984,-6.638565089875225,2.0,Sharpe
HD,2012,30.211411875970317,1.6905564070572268,-6.7842302054351595,1.0,Sharpe
HD,2013,21.0846572062839,1.1563849674259612,-7.440149422928066,2.0,Sharpe
HD,2014,16.07232741779366,1.3931532013644292,-4.475647813408479,3.0,Sharpe
HD,2015,21.516879970840925,1.0757053769233218,-9.6201474520905,2.0,Sharpe
HD,2016,2.7999507074841494,0.28620207204672393,-10.978837496971483,1.0,Sharpe
HD,2017,37.467026399543975,2.6981534057568295,-4.713259610882481,3.0,Sharpe
HD,2018,-5.492549258554809,-0.35458826343057526,-25.78815990521618,2.0,Sharpe
HD,2019,10.826999110055386,0.6901977513565513,-10.623446871905017,3.0,Sharpe
HD,2020,-4.392676644964886,-0.17609717802662758,-21.398617242435837,2.0,Sharpe
HD,2021,18.676829235475818,1.1098881822693232,-7.642539315474672,2.0,Sharpe
HD,2022,8.519870323796312,0.4834159315111093,-11.312161533926435,1.0,Sharpe
HD,2023,24.49583219881335,1.7719912827551556,-8.44937981632321,1.0,Sharpe
HD,2024,15.070683146974334,0.8391957506492661,-12.99646905440266,2.0,Sharpe
HON,2000,,,,,Sharpe
HON,2001,-33.027588607498295,-0.9976234185415854,-55.41247613104898,1.0,Sharpe
HON,2002,-26.620585853562744,-0.7705075323396517,-53.98262609013078,2.0,Sharpe
HON,2003,25.478314236640237,0.7450434671226109,-19.385239550546807,1.0,Sharpe
HON,2004,-2.0085285486238535,-0.13037595874772784,-14.952905871758638,1.0,Sharpe
HON,2005,-1.5994424552428974,-0.13012788710635112,-15.439778286153317,1.0,Sharpe
HON,2006,20.90924974946531,1.07426473273989,-14.593320631997953,1.0,Sharpe
HON,2007,41.977476288805995,1.3815033406696324,-13.419995309814315,0.0,Sharpe
HON,2008,-56.36544157760546,-2.924914630847063,-61.19982294636459,1.0,Sharpe
HON,2009,25.229409545841847,0.5458257113289635,-32.37211459417851,1.0,Sharpe
HON,2010,33.32555432811547,1.118465569006147,-16.992916435812422,1.0,Sharpe
HON,2011,24.91985584937296,0.7098578736902789,-16.73775022416597,1.0,Sharpe
HON,2012,14.634854924329701,0.8262301243830472,-10.016904660287828,1.0,Sharpe
HON,2013,39.92486468467841,1.7640577589189324,-6.132179072077015,0.0,Sharpe
HON,2014,10.161315532395765,0.6065462035721367,-12.098027526765287,1.0,Sharpe
HON,2015,4.360286801373204,0.21778248521792376,-15.250793373318261,1.0,Sharpe
HON,2016,18.99015167530164,0.9088721754804377,-10.924235933872495,1.0,Sharpe
HON,2017,30.54172960943259,2.5677450362861025,-3.7088301361607345,1.0,Sharpe
HON,2018,-2.902871525740902,-0.20918180032086378,-22.065824947551217,0.0,Sharpe
HON,2019,31.01128534684982,1.400876930218748,-11.787009212140799,0.0,Sharpe
HON,2020,33.38346063168268,1.4272414925966177,-8.867391375756172,0.0,Sharpe
HON,2021,1.3052160632048981,0.06920578658293161,-14.12339919822665,1.0,Sharpe
HON,2022,6.508994433118078,0.4108367760205957,-17.78630512117958,0.0,Sharpe
HON,2023,10.241045837083512,0.7482117886643537,-13.046832789899865,1.0,Sharpe
HON,2024,13.313948846934581,0.7531924533347868,-8.032230991397372,1.0,Sharpe
INTC,2000,,,,,Sharpe
INTC,2001,47.98315597899473,1.0486444247066546,-14.345048827594997,1.0,Sharpe
INTC,2002,11.220068165686353,0.2776528040767766,-26.030748684168103,0.0,Sharpe
INTC,2003,17.664234761756216,0.5236957820879347,-15.291974196126235,1.0,Sharpe
INTC,2004,1.8684802955075974,0.08384035896600561,-22.1749226193753,1.0,Sharpe
INTC,2005,6.3060336785660365,0.3749350035389419,-18.07239303305579,1.0,Sharpe
INTC,2006,5.5981347239031125,0.4397388494388948,-10.07271897438262,0.0,Sharpe
INTC,2007,21.342740722139226,0.7942185155133173,-11.845181340117517,0.0,Sharpe
INTC,2008,-43.007235751743195,-1.4133663707233115,-50.3389687327082,1.0,Sharpe
INTC,2009,29.00834921812515,0.6775145921275896,-18.97476156738027,2.0,Sharpe
INTC,2010,5.641061914965394,0.24070385868514424,-20.077829600662124,1.0,Sharpe
INTC,2011,5.434628283027978,0.2586816009771857,-12.720684271528238,1.0,Sharpe
INTC,2012,-15.675500925557573,-0.8862063716579901,-31.887492361516866,1.0,Sharpe
INTC,2013,21.20210414929508,0.899496746455363,-14.735701096030374,1.0,Sharpe
INTC,2014,27.24683291369867,1.0310706699494996,-12.679882576861978,1.0,Sharpe
INTC,2015,19.399301557216315,1.4431594737270028,-7.36591424658346,0.0,Sharpe
INTC,2016,6.53934189781301,0.3185025398486632,-13.0175249219603,2.0,Sharpe
INTC,2017,24.636148419478868,1.6221530774391395,-7.977480591294128,0.0,Sharpe
INTC,2018,18.677537321584914,0.4680061313088922,-19.932062994860622,1.0,Sharpe
INTC,2019,7.31620462268991,0.31073633870452033,-28.318701026555726,1.0,Sharpe
INTC,2020,-14.726483904473062,-0.5974562304778502,-29.229083490493256,2.0,Sharpe
INTC,2021,7.664031850420979,0.2359897452368452,-25.168501263638742,3.0,Sharpe
INTC,2022,-5.762702953110929,-0.2726379726992405,-16.80500330763711,0.0,Sharpe
INTC,2023,96.59079759443063,1.437935785900856,-16.847912119538023,3.0,Sharpe
INTC,2024,-13.150751840235388,-0.6175115147310746,-27.32615823935981,1.0,Sharpe
JNJ,2000,,,,,Sharpe
JNJ,2001,9.674081415128475,0.43515343705406434,-16.018251644247318,1.0,Sharpe
JNJ,2002,-4.567348504516994,-0.23161741570499972,-18.799452027525298,1.0,Sharpe
JNJ,2003,-5.311007301930349,-0.2795576535576953,-13.744942031216889,1.0,Sharpe
JNJ,2004,20.793219813615305,1.2464078625743924,-9.335259555294273,2.0,Sharpe
JNJ,2005,-3.2372411359987385,-0.24138046457232326,-12.563659678866102,1.0,Sharpe
JNJ,2006,5.471943430271185,0.755410652676515,-4.717537966357788,0.0,Sharpe
JNJ,2007,5.517747500070891,0.5744260528832776,-10.922809863565098,1.0,Sharpe
JNJ,2008,-8.778719669553976,-0.3175423299869569,-22.673818875952676,1.0,Sharpe
JNJ,2009,15.061579715190781,1.5100629516408748,-5.75585850876047,0.0,Sharpe
JNJ,2010,6.747206198239801,1.015829692987207,-4.137429995955754,0.0,Sharpe
JNJ,2011,8.52416622801582,0.45360809831828336,-11.354772630476806,0.0,Sharpe
JNJ,2012,4.3192794426094405,0.712515807475748,-4.74242997029759,0.0,Sharpe
JNJ,2013,30.379858618162398,1.8622336744415848,-8.599261781534373,0.0,Sharpe
JNJ,2014,13.688978135980543,0.83773017320937,-10.864122786010178,0.0,Sharpe
JNJ,2015,0.17938672515070722,0.011405948516019294,-13.686188444465374,1.0,Sharpe
JNJ,2016,22.24183586982701,1.3948282824800842,-10.235053703378327,1.0,Sharpe
JNJ,2017,22.822365479106793,1.7478986862133332,-5.849358500970647,1.0,Sharpe
JNJ,2018,-0.4430894497966255,-0.02969417984265315,-16.859578569886736,0.0,Sharpe
JNJ,2019,26.148171230554052,1.403971301163983,-7.049175691879439,1.0,Sharpe
JNJ,2020,14.423056064725095,0.4198479612833413,-27.162553741314,1.0,Sharpe
JNJ,2021,8.30013006165138,0.5309164836652431,-11.988314574959402,1.0,Sharpe
JNJ,2022,10.515151569497121,0.5604043675521428,-8.96568333261456,1.0,Sharpe
JNJ,2023,-1.5747512575992915,-0.1260722358486214,-15.912547417207612,1.0,Sharpe
JNJ,2024,-8.090327220577546,-0.9543893444364511,-13.521626630013639,1.0,Sharpe
JPM,2000,,,,,Sharpe
JPM,2001,-20.314860262869054,-1.1590773057959962,-23.259968994450976,1.0,Sharpe
JPM,2002,1.733760972123073,0.057085329450496984,-21.706100042648135,1.0,Sharpe
JPM,2003,22.041556555854296,0.998072657480007,-12.517904676016144,1.0,Sharpe
JPM,2004,4.87032150869758,0.3414601120978467,-13.131996797095201,1.0,Sharpe
JPM,2005,8.319738440232268,1.1006761859829408,-4.457766086355974,1.0,Sharpe
JPM,2006,15.396884963104968,1.0103715846464814,-10.784795630888478,2.0,Sharpe
JPM,2007,-8.479856443071695,-0.41671252320849694,-20.7721705617946,2.0,Sharpe
JPM,2008,-26.278815583732246,-0.4315363206571801,-54.38413946941396,2.0,Sharpe
JPM,2009,6.1880470266175145,0.14653381247809855,-15.545152704406284,1.0,Sharpe
JPM,2010,12.496590429822755,0.6877647192923594,-8.635530416390335,2.0,Sharpe
JPM,2011,-15.43217689972671,-0.5536834225061564,-33.870647545901925,2.0,Sharpe
JPM,2012,39.770232701259445,1.4360586115224345,-11.580641742579335,1.0,Sharpe
JPM,2013,10.605681107166275,0.6684749661746701,-13.689092058140007,2.0,Sharpe
JPM,2014,4.282192874992397,0.2508617190171178,-11.471181479363624,3.0,Sharpe
JPM,2015,1.7790434878356791,0.09288013225150178,-13.990295531465103,4.0,Sharpe
JPM,2016,43.020405657190096,2.24914787877361,-4.725453815956082,2.0,Sharpe
JPM,2017,7.2685481213417,0.5469169497457806,-9.776946105911598,2.0,Sharpe
JPM,2018,-6.980452247586909,-0.3994614794230773,-21.63880294416084,3.0,Sharpe
JPM,2019,39.090505088541136,2.171903658152574,-8.734118340457552,4.0,Sharpe
JPM,2020,46.49567917616787,1.0777041896284172,-18.744384043679908,2.0,Sharpe
JPM,2021,12.557141600009164,0.6005766128034246,-12.084510211681188,1.0,Sharpe
JPM,2022,3.9374603570896034,0.32517911210411615,-9.462538759839012,2.0,Sharpe
JPM,2023,18.900501849821193,1.047480977298848,-11.808080070532778,2.0,Sharpe
JPM,2024,28.367534774756425,1.1402427488930609,-9.49697135291382,3.0,Sharpe
KO,2000,,,,,Sharpe
KO,2001,-1.4508408355626672,-0.11320073676593605,-11.782617736989353,0.0,Sharpe
KO,2002,-6.849248474200722,-0.3043507184674866,-26.679172086410453,1.0,Sharpe
KO,2003,17.572760912933354,1.3599920842119626,-10.965954174265724,1.0,Sharpe
KO,2004,-8.0741805365684,-0.5863933081773293,-19.972558435769095,1.0,Sharpe
KO,2005,-2.7174547241568323,-0.2560157959042545,-10.192448678174927,2.0,Sharpe
KO,2006,12.92084263063671,1.223193288572787,-4.312399392576904,2.0,Sharpe
KO,2007,8.97974242948867,1.0316569523916974,-4.24214625326742,0.0,Sharpe
KO,2008,-11.550629715523627,-0.3992422607415555,-25.434341290315587,0.0,Sharpe
KO,2009,14.3503412026735,1.0810179214963602,-5.403892414005174,1.0,Sharpe
KO,2010,14.796156549099596,2.0871943189454565,-1.5510050751131987,0.0,Sharpe
KO,2011,8.535799135650176,0.4626796235320263,-9.388259992473092,1.0,Sharpe
KO,2012,3.8222061459383077,0.29197658444483815,-10.605997834510406,1.0,Sharpe
KO,2013,16.067401857261228,0.9376272057909762,-10.21967489000476,1.0,Sharpe
KO,2014,2.853898930304422,0.2689539123863591,-9.896437675024528,0.0,Sharpe
KO,2015,8.464184466129081,0.8982081894867918,-4.987575420147595,3.0,Sharpe
KO,2016,4.719455174056966,0.3360962872088346,-10.474986598380841,2.0,Sharpe
KO,2017,11.78765786648084,1.1840185095477531,-4.147670283108795,1.0,Sharpe
KO,2018,5.181026543228309,0.4953115924486343,-8.79238143129022,1.0,Sharpe
KO,2019,13.056143471946724,0.981165431673352,-6.579528879223206,0.0,Sharpe
KO,2020,15.957733272310689,1.0149774189878458,-6.124960303901572,0.0,Sharpe
KO,2021,19.420092551039904,1.1216419945914438,-7.413759608974524,1.0,Sharpe
KO,2022,24.896900668345626,1.0897700177494452,-9.37815255253318,4.0,Sharpe
KO,2023,-2.6589512513128466,-0.2723581333720607,-17.021463305442996,1.0,Sharpe
KO,2024,-6.556474307081535,-0.626034600331732,-14.856074857102175,1.0,Sharpe
LLY,2000,,,,,Sharpe
LLY,2001,1.9933797485671492,0.1351648960171243,-11.64043775543927,0.0,Sharpe
LLY,2002,12.301171134756023,0.47645810100266595,-13.267100979878188,0.0,Sharpe
LLY,2003,0.0,,-0.0,0.0,Sharpe
LLY,2004,-15.4094566144328,-0.8316304369688143,-31.65140202126774,1.0,Sharpe
LLY,2005,4.291395077687012,0.2204628264762983,-16.935899916517428,0.0,Sharpe
LLY,2006,-3.31307115278114,-0.346010522494862,-11.174490908138557,0.0,Sharpe
LLY,2007,5.335295691845204,0.2718467794112385,-17.045585785861494,0.0,Sharpe
LLY,2008,-20.276976560702998,-0.6201758816177667,-38.2886102571945,1.0,Sharpe
LLY,2009,12.227341465152348,0.9745480999957827,-6.763757216448574,0.0,Sharpe
LLY,2010,-6.078118254786914,-0.4690968805573282,-16.32270065049464,1.0,Sharpe
LLY,2011,34.04907485211486,1.476549651949293,-7.538993167397368,1.0,Sharpe
LLY,2012,22.291746080328924,1.2013823889971273,-13.787532400194502,1.0,Sharpe
LLY,2013,-1.868600475410549,-0.1325950734410522,-20.76092059668365,1.0,Sharpe
LLY,2014,43.0807795111244,1.7957214469852154,-7.0306531553750435,2.0,Sharpe
LLY,2015,17.06434382698886,0.5393677621728229,-14.389371403721373,1.0,Sharpe
LLY,2016,2.444118719387588,0.1341392251238815,-20.039279839503653,1.0,Sharpe
LLY,2017,7.882469061016673,0.5353101336098354,-14.589172460402878,1.0,Sharpe
LLY,2018,18.77863824423015,1.0372753023905668,-10.174504936514229,0.0,Sharpe
LLY,2019,22.200699591428148,1.106444373063079,-15.367400463522007,1.0,Sharpe
LLY,2020,30.48407138896695,0.5244756523877157,-22.39932012472009,0.0,Sharpe
LLY,2021,41.28758510224852,0.9982013531745962,-18.735087824102582,1.0,Sharpe
LLY,2022,44.231565337889336,1.1489180870879079,-10.92381898368825,1.0,Sharpe
LLY,2023,56.353245947073425,1.294126628503633,-13.950252790270657,2.0,Sharpe
LLY,2024,26.111157297260178,0.6818943431169164,-24.033362518697665,1.0,Sharpe
MCD,2000,,,,,Sharpe
MCD,2001,-6.525042294012619,-0.3801256994861292,-16.151219352799707,0.0,Sharpe
MCD,2002,-41.778133768776414,-2.005406315345867,-49.35900516937619,2.0,Sharpe
MCD,2003,38.79140360594001,1.1248427068041111,-10.523272143814777,0.0,Sharpe
MCD,2004,20.533336542767355,1.0253816169162981,-15.310984476583922,1.0,Sharpe
MCD,2005,10.523327934376375,0.5001791207614594,-9.41441759810714,0.0,Sharpe
MCD,2006,28.256335332423845,1.6771804255616174,-7.339164683768907,1.0,Sharpe
MCD,2007,45.39956447519543,1.8400064528669173,-6.867095768625775,1.0,Sharpe
MCD,2008,13.415720254329026,0.3380630834814923,-21.32038211425685,1.0,Sharpe
MCD,2009,12.55613881045043,1.2215965477217847,-5.275069265295795,0.0,Sharpe
MCD,2010,20.289501778495904,1.347295120039767,-7.678974090967394,1.0,Sharpe
MCD,2011,39.020525754122446,1.6929430660448266,-7.26613850747998,1.0,Sharpe
MCD,2012,1.5186817831636654,0.18676047814275465,-10.65302388721615,0.0,Sharpe
MCD,2013,15.422706567374082,1.1510822461519197,-6.159706263788878,1.0,Sharpe
MCD,2014,0.9831596059705042,0.07775433160679304,-11.662476398379972,1.0,Sharpe
MCD,2015,36.271292399831545,1.5506891277672985,-5.8965731188149295,1.0,Sharpe
MCD,2016,6.888776141294311,0.4283403303294437,-14.139313898263827,1.0,Sharpe
MCD,2017,48.14986155956158,2.501674995883963,-5.0523234684961675,0.0,Sharpe
MCD,2018,11.194250620127786,0.8079518780731771,-9.640483722855375,0.0,Sharpe
MCD,2019,14.769070127913512,0.8629491182234376,-14.193128633342855,0.0,Sharpe
MCD,2020,11.109012772254701,0.9674101932882296,-8.888166150696241,0.0,Sharpe
MCD,2021,27.164474233405763,1.475672818076979,-4.724401418920654,1.0,Sharpe
MCD,2022,6.887441085607115,0.5092462020344828,-12.984072384585376,0.0,Sharpe
MCD,2023,14.34054121447536,0.904046907088898,-16.98044862794068,0.0,Sharpe
MCD,2024,7.464544624042628,0.6872577444613778,-8.711658041714287,0.0,Sharpe
MRK,2000,,,,,Sharpe
MRK,2001,-14.930533687032074,-0.9969797375235471,-18.847796881411107,0.0,Sharpe
MRK,2002,13.178389489330947,0.6101727995697352,-12.285317213855084,0.0,Sharpe
MRK,2003,0.0,,-0.0,0.0,Sharpe
MRK,2004,0.0,,-0.0,0.0,Sharpe
MRK,2005,7.12310253912834,0.24361572695505568,-23.258121279558353,1.0,Sharpe
MRK,2006,13.368710624410923,0.7633212027822446,-10.281702334321796,1.0,Sharpe
MRK,2007,33.69068577018506,1.3444247470818897,-11.98639412694793,1.0,Sharpe
MRK,2008,-19.287405530914604,-0.5576285390109686,-36.72798156576824,1.0,Sharpe
MRK,2009,25.621185116726192,1.3725022598472556,-9.071140761167484,0.0,Sharpe
MRK,2010,5.74286522673603,0.5651917376791525,-8.861449776436814,0.0,Sharpe
MRK,2011,20.215734902142884,1.2120488329957237,-7.80435262029987,0.0,Sharpe
MRK,2012,-1.1730971121646872,-0.0966554030447471,-14.434435408235213,0.0,Sharpe
MRK,2013,23.348091931137898,1.1677582216326412,-7.495590452434165,0.0,Sharpe
MRK,2014,16.667478946693226,0.7426512144155646,-12.012473005371028,0.0,Sharpe
MRK,2015,0.0,,-0.0,0.0,Sharpe
MRK,2016,11.70974992135787,0.5254787600305203,-8.67411968718146,1.0,Sharpe
MRK,2017,-2.7095375578820677,-0.1789743128199786,-18.16087549782076,1.0,Sharpe
MRK,2018,17.406141950260754,1.2381856356940686,-9.678278293822784,0.0,Sharpe
MRK,2019,23.126313079461035,1.0451792105239366,-12.114979866359587,1.0,Sharpe
MRK,2020,4.815252138868418,0.3648641634782038,-12.848565746827113,0.0,Sharpe
MRK,2021,4.147065187386743,0.19722382290158455,-20.124255834121797,1.0,Sharpe
MRK,2022,45.19121046257751,1.597810264654006,-10.743104128420523,1.0,Sharpe
MRK,2023,0.4268761818308121,0.022634473793186435,-14.100412576998211,1.0,Sharpe
MRK,2024,-12.800388404176847,-0.7065887095717954,-27.037030613675327,1.0,Sharpe
MS,2000,,,,,Sharpe
MS,2001,-5.882997086792475,-0.1838241743839476,-40.37197709167689,1.0,Sharpe
MS,2002,-8.124198821079846,-0.27113662849392683,-35.0247180657705,1.0,Sharpe
MS,2003,20.099207849353316,0.5345282408192862,-22.395841556336784,2.0,Sharpe
MS,2004,13.474679051036292,0.7701910837426925,-10.20683479712794,0.0,Sharpe
MS,2005,6.378809638581115,0.6045683879565606,-5.162848076262638,0.0,Sharpe
MS,2006,26.571801969618097,1.3476965914511019,-10.607560792866721,1.0,Sharpe
MS,2007,-21.40719996068975,-0.7269650957303576,-36.56983940499528,2.0,Sharpe
MS,2008,-71.10629670789092,-1.2577506179165339,-80.82564474311413,1.0,Sharpe
MS,2009,30.81735623347164,0.3053024495905825,-30.19589973433945,0.0,Sharpe
MS,2010,-8.376198757278035,-0.44643681960817005,-21.011418652203595,1.0,Sharpe
MS,2011,-13.312109608368392,-0.34617423472629394,-28.73779246878183,1.0,Sharpe
MS,2012,31.380349883671517,1.2434829538320789,-12.7198335465321,0.0,Sharpe
MS,2013,37.612391448446836,1.1181037145465746,-16.48739366014721,1.0,Sharpe
MS,2014,22.601515166270218,1.414213397451016,-9.95436162441562,1.0,Sharpe
MS,2015,-10.599411681845595,-0.46083595641339925,-23.187746040989765,1.0,Sharpe
MS,2016,32.269234849999926,0.8781647894233722,-24.12724990754529,1.0,Sharpe
MS,2017,13.551392599346327,1.1239333742768078,-5.511688825814431,0.0,Sharpe
MS,2018,-24.186471505820208,-1.9003316418850098,-24.186471505820208,1.0,Sharpe
MS,2019,38.57068138930657,1.341216720995256,-16.017463935265585,1.0,Sharpe
MS,2020,33.44724694496396,1.2020754822543926,-12.823810153632387,0.0,Sharpe
MS,2021,38.92154148659775,1.0930621827777363,-10.477279147504515,1.0,Sharpe
MS,2022,-6.684173545852991,-0.3864969828777161,-17.948394058876627,1.0,Sharpe
MS,2023,11.678596348418251,0.6247856905751268,-20.80818100766124,2.0,Sharpe
MS,2024,55.66758297793233,1.5379996796588589,-10.695580670320371,1.0,Sharpe
MSFT,2000,,,,,Sharpe
MSFT,2001,36.45407919043049,0.6020905611811305,-32.52821993733033,0.0,Sharpe
MSFT,2002,8.84757018238246,0.3622799864771386,-12.150436840389467,0.0,Sharpe
MSFT,2003,1.4235647922000498,0.08114601147348399,-15.74699415260703,0.0,Sharpe
MSFT,2004,11.228158496824944,0.8658475351487706,-6.408773587752458,1.0,Sharpe
MSFT,2005,6.639360828738372,0.5876536826884616,-12.189493891255287,0.0,Sharpe
MSFT,2006,15.056899802890092,1.7848267418535684,-3.571597255695924,0.0,Sharpe
MSFT,2007,26.84513228588974,1.2566367682190747,-11.282923239874854,0.0,Sharpe
MSFT,2008,0.0,,-0.0,0.0,Sharpe
MSFT,2009,31.837121740131312,1.9189688767118491,-5.004488941842866,0.0,Sharpe
MSFT,2010,18.138546440271437,1.3288742045704547,-7.712777074560606,0.0,Sharpe
MSFT,2011,-0.6629704858059632,-0.03426093637142814,-14.043630654580353,0.0,Sharpe
MSFT,2012,-2.457042507029928,-0.1439301006191745,-17.750076645671562,2.0,Sharpe
MSFT,2013,31.063060242276734,1.021389708488595,-21.188523927515103,1.0,Sharpe
MSFT,2014,20.237697818715098,0.9418022219528648,-10.055385972898822,1.0,Sharpe
MSFT,2015,28.074460582594003,1.3529618116487312,-4.087428417344963,0.0,Sharpe
MSFT,2016,2.61772490540081,0.12700962430432025,-11.81318097268983,1.0,Sharpe
MSFT,2017,30.912495864952856,1.7512692704709094,-6.543858389385415,1.0,Sharpe
MSFT,2018,13.585698259993151,0.4221504114365708,-18.18775286950326,1.0,Sharpe
MSFT,2019,53.609126719290515,1.8417909994985484,-7.86190513472439,0.0,Sharpe
MSFT,2020,43.496989819258964,0.6635399979940102,-27.739180378612748,1.0,Sharpe
MSFT,2021,40.400866745422896,1.4455125195257776,-8.686860064606861,1.0,Sharpe
MSFT,2022,-3.8223183273493855,-0.16282941677709664,-26.306608344299043,0.0,Sharpe
MSFT,2023,63.655183755160984,1.591497562028369,-12.960653968302594,0.0,Sharpe
MSFT,2024,14.609335284369463,0.6420992534596012,-15.296053798253162,1.0,Sharpe
NEE,2000,,,,,Sharpe
NEE,2001,8.32763647746233,0.6010763238073995,-7.519379943427385,1.0,Sharpe
NEE,2002,14.678480976509945,0.5118511145868017,-20.36160763424022,1.0,Sharpe
NEE,2003,6.2335241308828335,0.9230824849297671,-3.4076966092282945,0.0,Sharpe
NEE,2004,8.16385147562669,0.663554979820831,-10.860051531193182,1.0,Sharpe
NEE,2005,14.25590575046848,0.7356180980012943,-14.648865770131048,1.0,Sharpe
NEE,2006,26.314387883661038,2.4820316357254555,-1.7096040635479426,0.0,Sharpe
NEE,2007,28.494960216010877,1.2119952934597624,-12.57098911322746,1.0,Sharpe
NEE,2008,0.0,,-0.0,0.0,Sharpe
NEE,2009,5.013517600630403,0.18404347935974805,-20.315333452273844,0.0,Sharpe
NEE,2010,0.6250865984967277,0.06161822982341539,-8.777198545082221,0.0,Sharpe
NEE,2011,27.333262578922294,1.4042760446655749,-8.45200397226189,1.0,Sharpe
NEE,2012,21.37278840703484,1.5927216688367933,-7.716310655241376,0.0,Sharpe
NEE,2013,19.427475263367178,1.1763113186049177,-9.783707591761848,1.0,Sharpe
NEE,2014,31.81909808032491,1.5954561947857222,-7.971444997990074,1.0,Sharpe
NEE,2015,3.286541060058571,0.23441300688514713,-12.940561113406734,0.0,Sharpe
NEE,2016,19.082001760831265,0.8872734438798459,-12.628509938983957,0.0,Sharpe
NEE,2017,29.160102955172622,2.024467900425139,-4.331739276875646,1.0,Sharpe
NEE,2018,12.102895093711103,0.6720956001252517,-8.272590555951332,1.0,Sharpe
NEE,2019,35.307701992986004,2.098692844126072,-6.809224285436565,1.0,Sharpe
NEE,2020,13.623926260371663,0.7759769229313029,-7.5604534710052125,0.0,Sharpe
NEE,2021,17.836446552009512,1.3192536275518636,-10.590530642465623,0.0,Sharpe
NEE,2022,7.649109871819074,0.3667659673118654,-22.128196046113946,0.0,Sharpe
NEE,2023,0.0,,-0.0,0.0,Sharpe
NEE,2024,15.449237794222226,0.5557292516382929,-17.71177700319788,1.0,Sharpe
NKE,2000,,,,,Sharpe
NKE,2001,53.60082358154338,1.6460240533091572,-7.675933818445413,1.0,Sharpe
NKE,2002,-8.656504736251081,-0.3135293951254058,-28.80302754328249,1.0,Sharpe
NKE,2003,32.336870283012544,1.1667953830435027,-9.296200316351355,1.0,Sharpe
NKE,2004,13.891458705784807,0.8011395471571967,-15.406750479323373,1.0,Sharpe
NKE,2005,6.7347608210176615,0.4736863748934694,-11.246773494228924,1.0,Sharpe
NKE,2006,20.13588602615566,1.7922891101219747,-2.9491844801704636,0.0,Sharpe
NKE,2007,24.41987587911848,1.1781030150716658,-7.147921439826144,2.0,Sharpe
NKE,2008,-14.795785623893753,-0.34089664807396597,-35.737000187041666,3.0,Sharpe
NKE,2009,31.43316041681119,0.7183501431690352,-20.293659256805775,2.0,Sharpe
NKE,2010,25.14925510565985,1.0003563874034462,-10.704272111268109,1.0,Sharpe
NKE,2011,31.309293894925865,1.1514417715828036,-8.306726400999953,2.0,Sharpe
NKE,2012,13.182915677304392,0.6767345221752847,-15.321689415969164,1.0,Sharpe
NKE,2013,33.68413034694286,1.3675498143133058,-8.735173950494312,1.0,Sharpe
NKE,2014,17.192715791409867,0.9481832691487222,-5.88886107310932,1.0,Sharpe
NKE,2015,17.50407622078401,0.7752523511283392,-8.511050270059117,2.0,Sharpe
NKE,2016,-14.712180866675824,-0.8507207572317227,-22.073318141543474,3.0,Sharpe
NKE,2017,37.82610484834242,1.3644638249748429,-8.09101957323507,2.0,Sharpe
NKE,2018,-1.6113168063716692,-0.05895278950578148,-20.822750049363293,2.0,Sharpe
NKE,2019,15.77071411587034,0.878723368534112,-14.981763740082988,1.0,Sharpe
NKE,2020,25.225044078201975,1.4088654675293104,-8.27887748392282,0.0,Sharpe
NKE,2021,29.2249715994808,0.9914950591655609,-16.30290173853275,0.0,Sharpe
NKE,2022,31.41244816504792,0.8230590202416835,-17.140666667312367,1.0,Sharpe
NKE,2023,-0.7896775204397636,-0.03652707013636172,-18.46394662444366,1.0,Sharpe
NKE,2024,-12.623985020965064,-1.1450346838729892,-17.94605034051946,1.0,Sharpe
NVDA,2000,,,,,Sharpe
NVDA,2001,279.98413326891847,0.9075202815297511,-39.943013501913136,1.0,Sharpe
NVDA,2002,57.51486875967699,0.6474459882119927,-35.228700076175414,0.0,Sharpe
NVDA,2003,96.26608610146748,0.6844681599750484,-41.66340563537475,2.0,Sharpe
NVDA,2004,23.54996153234262,0.5172881415325699,-36.174894148781654,1.0,Sharpe
NVDA,2005,15.386250025899953,0.6536042435244364,-10.704233774365646,1.0,Sharpe
NVDA,2006,33.30135859349059,0.7459063066579147,-27.42208046851269,1.0,Sharpe
NVDA,2007,11.064924604958415,0.2678371905911436,-25.340588479004534,0.0,Sharpe
NVDA,2008,-16.794444802348515,-0.41317985464970874,-34.298313008128645,1.0,Sharpe
NVDA,2009,117.58726416804726,1.0821710658796768,-26.443647659302894,2.0,Sharpe
NVDA,2010,-11.634408919608049,-0.39499614648764736,-38.96413785062,1.0,Sharpe
NVDA,2011,2.4330154737120755,0.08245820840630251,-16.81373893181194,1.0,Sharpe
NVDA,2012,-6.068235017112893,-0.3277404938876968,-23.15966461269171,1.0,Sharpe
NVDA,2013,27.322483288269193,0.9965109054632052,-9.062271818991363,1.0,Sharpe
NVDA,2014,18.732715930321955,0.6942562117262633,-20.95672473780663,2.0,Sharpe
NVDA,2015,58.644414367328935,1.3750276627166422,-12.100486361100437,1.0,Sharpe
NVDA,2016,150.95869835433842,1.432653988447065,-13.924769745381415,2.0,Sharpe
NVDA,2017,29.785316237646914,0.8349587553080465,-14.183171635120118,1.0,Sharpe
NVDA,2018,-37.8240091020689,-1.5301380164101264,-49.983552849781255,1.0,Sharpe
NVDA,2019,20.121925556187705,0.5061964761602483,-30.279440141624704,1.0,Sharpe
NVDA,2020,37.68293400545859,0.8625973093010095,-16.9543732076066,0.0,Sharpe
NVDA,2021,76.17242907797306,1.0449707760884834,-24.357443711440794,2.0,Sharpe
NVDA,2022,-21.714420008901424,-0.5534775395609173,-39.866971812490306,1.0,Sharpe
NVDA,2023,134.30621929355607,1.2099346776651303,-18.272815040495914,1.0,Sharpe
NVDA,2024,167.14605990454663,1.2014325605572513,-27.010343381718084,1.0,Sharpe
PEP,2000,,,,,Sharpe
PEP,2001,9.58670707271116,0.7880018277813394,-7.030913315630616,0.0,Sharpe
PEP,2002,1.5075226128739267,0.05613448770174762,-22.536470337818194,1.0,Sharpe
PEP,2003,11.27340986211646,0.5038878045937637,-14.672223523040827,0.0,Sharpe
PEP,2004,15.47283992922028,0.9888566523151684,-13.173994740817497,1.0,Sharpe
PEP,2005,18.202199816450864,1.4576343176945263,-6.035694036849626,1.0,Sharpe
PEP,2006,6.107044346610601,0.5446567193398246,-7.082647463566505,1.0,Sharpe
PEP,2007,25.134027510452945,1.7025827046904096,-4.876930931674495,1.0,Sharpe
PEP,2008,-21.12988832308156,-0.9124825764613106,-31.219922666793344,1.0,Sharpe
PEP,2009,-0.17811597367559442,-0.008516045909097856,-17.41383444819028,1.0,Sharpe
PEP,2010,8.394303394181406,0.6017564269149308,-8.510543343984223,1.0,Sharpe
PEP,2011,3.1555557954100735,0.19738688500476795,-14.39363206116645,1.0,Sharpe
PEP,2012,5.215253417088298,0.47368577387841737,-6.657691546851908,1.0,Sharpe
PEP,2013,22.135050638580907,1.3820467587138667,-7.579692773063118,1.0,Sharpe
PEP,2014,16.5141278445239,1.1071265486612027,-7.624883558016093,0.0,Sharpe
PEP,2015,2.5026118090505043,0.21897991720335788,-10.209445181391496,0.0,Sharpe
PEP,2016,9.93765839325075,0.67912967433811,-8.593126542525242,0.0,Sharpe
PEP,2017,19.080277203395944,1.6672839179695125,-7.699490964794709,0.0,Sharpe
PEP,2018,-1.4150937555408019,-0.11381001324947375,-12.33054359956689,0.0,Sharpe
PEP,2019,30.23192410783471,1.7411255120531839,-7.426418413742331,0.0,Sharpe
PEP,2020,9.568309177582432,0.8239822058892045,-7.88386955960263,0.0,Sharpe
PEP,2021,25.080485717163665,1.404088848599406,-10.40927756323854,1.0,Sharpe
PEP,2022,3.988736500551586,0.2062308032588448,-11.772822921624826,2.0,Sharpe
PEP,2023,-2.756983609766503,-0.19268866886761016,-18.236904429665003,1.0,Sharpe
PEP,2024,-7.65927333665406,-0.5167974643858669,-15.269986633141064,1.0,Sharpe
PFE,2000,,,,,Sharpe
PFE,2001,-6.846627523178195,-0.4345539224763359,-20.156132448414443,1.0,Sharpe
PFE,2002,-11.841808976414558,-0.6471618882246505,-19.55904989171303,0.0,Sharpe
PFE,2003,15.105899655691502,0.5740170124623988,-18.832917515995963,1.0,Sharpe
PFE,2004,0.0,,-0.0,0.0,Sharpe
PFE,2005,-6.135487128038803,-0.28405605876051776,-27.583265885149753,1.0,Sharpe
PFE,2006,0.5917543039927842,0.042632384385816444,-12.10961009300533,0.0,Sharpe
PFE,2007,-9.588069159923307,-0.6237947514422142,-17.46401631100303,0.0,Sharpe
PFE,2008,-12.09674018057407,-0.40301419949092115,-26.347466591754632,2.0,Sharpe
PFE,2009,15.590496842914837,1.0302164004042298,-6.059241063804444,0.0,Sharpe
PFE,2010,9.973329403931839,0.9096780086345161,-7.477506087917085,0.0,Sharpe
PFE,2011,34.39719612849434,1.2331896082311542,-11.382581468632736,1.0,Sharpe
PFE,2012,10.979246293972702,0.9031676190771595,-8.315090949879512,1.0,Sharpe
PFE,2013,18.509109805259392,1.0153091126454463,-11.644346894129642,1.0,Sharpe
PFE,2014,9.17086092806565,0.9553933171757671,-9.411881128922728,0.0,Sharpe
PFE,2015,5.330369526491031,0.2533074473492528,-13.227875553083868,1.0,Sharpe
PFE,2016,6.901241406451463,0.3445989978608277,-19.205540372944828,1.0,Sharpe
PFE,2017,6.6195773748409374,0.6453945568675652,-8.205172812980166,1.0,Sharpe
PFE,2018,8.854231766154262,0.6023079315360025,-12.258683654810199,0.0,Sharpe
PFE,2019,15.19366545032932,1.3487678216985823,-7.234231216188125,0.0,Sharpe
PFE,2020,8.562188698078444,0.37610621866770716,-13.646766939779242,1.0,Sharpe
PFE,2021,48.768265458498135,1.343782250023343,-17.239711450356555,2.0,Sharpe
PFE,2022,-2.184787805546039,-0.08621805236011938,-22.068142752249575,1.0,Sharpe
PFE,2023,-27.420021770781737,-2.0582432527440577,-33.47266943674397,1.0,Sharpe
PFE,2024,0.6840318655142256,0.04099624046052142,-19.731360214571037,1.0,Sharpe
PG,2000,,,,,Sharpe
PG,2001,13.926277454821903,0.7807291652667085,-12.971079373471117,0.0,Sharpe
PG,2002,13.412288978160142,0.4893635458145024,-20.690009520367536,0.0,Sharpe
PG,2003,20.875713049792175,1.4261039690789374,-7.886640232998476,2.0,Sharpe
PG,2004,13.370181813283507,0.8107906141350684,-9.70783633577106,0.0,Sharpe
PG,2005,13.40914346268466,0.8355728633108085,-9.135489282685272,2.0,Sharpe
PG,2006,7.044314380937903,1.1517348577986148,-2.308295441331798,0.0,Sharpe
PG,2007,14.726647775781057,1.5109127200472214,-4.501295701133634,0.0,Sharpe
PG,2008,-7.4212258890903104,-0.27008634495490147,-21.021740401511313,1.0,Sharpe
PG,2009,1.2208509719993526,0.05501255232930468,-28.849237052698594,1.0,Sharpe
PG,2010,11.840814849228082,0.936470022895167,-6.038391517314445,1.0,Sharpe
PG,2011,8.948021268666615,0.5660235302922653,-10.682875548676163,1.0,Sharpe
PG,2012,2.542870094235022,0.35070630148630827,-5.341355261982383,0.0,Sharpe
PG,2013,14.066711732383538,0.7948479887418631,-13.033183526070458,1.0,Sharpe
PG,2014,12.675243351447971,1.0888065437112042,-5.893821593154058,1.0,Sharpe
PG,2015,5.583044713287109,0.4528263403905416,-10.309715563507327,0.0,Sharpe
PG,2016,10.324973835517447,0.6630791432205234,-8.330331395148338,1.0,Sharpe
PG,2017,0.5817108890249983,0.08372598000419347,-8.14423589193397,0.0,Sharpe
PG,2018,13.74344345459218,0.8490396481053969,-9.557109497613014,0.0,Sharpe
PG,2019,39.907757803289826,1.7472935746483491,-6.083694621973168,0.0,Sharpe
PG,2020,12.363806745644052,1.0967807691663698,-6.0453025311839825,0.0,Sharpe
PG,2021,15.73759206698831,0.9908721800663911,-11.352110341150789,2.0,Sharpe
PG,2022,2.8760745551898617,0.2526851939564518,-17.153486832484532,1.0,Sharpe
PG,2023,-1.892062382916993,-0.13354188426228208,-9.76355763597283,1.0,Sharpe
PG,2024,14.4730624465017,0.8515408337982646,-8.84480831985467,0.0,Sharpe
PLD,2000,,,,,Sharpe
PLD,2001,10.395219887360199,0.9017769942367665,-12.349089820610947,0.0,Sharpe
PLD,2002,11.33181687907214,0.5707117587063474,-17.112341024683666,0.0,Sharpe
PLD,2003,22.73921256597783,1.3208412092831052,-7.135006500559815,1.0,Sharpe
PLD,2004,18.530367746589526,1.2915006359870944,-5.497090059472198,0.0,Sharpe
PLD,2005,25.194858836586537,1.0447207268866563,-9.766216683361872,1.0,Sharpe
PLD,2006,9.698144467366655,0.8540916631848408,-7.7419984990863,0.0,Sharpe
PLD,2007,13.563717842486767,0.5993159044703029,-16.10428865588943,0.0,Sharpe
PLD,2008,-63.893099006105345,-2.170336914110753,-73.72432804500404,1.0,Sharpe
PLD,2009,35.21088494500433,0.25337024734613284,-53.47997420827417,1.0,Sharpe
PLD,2010,48.200819479769436,1.0542345333156136,-16.705895115200452,1.0,Sharpe
PLD,2011,23.17591329333689,0.5119969964176303,-20.08530867821323,1.0,Sharpe
PLD,2012,23.851620394456784,1.0260973408144085,-14.656924456911192,1.0,Sharpe
PLD,2013,9.086714513823335,0.4465372734847576,-19.89041687780617,1.0,Sharpe
PLD,2014,20.9514604867185,1.1673999683868916,-9.536122312689688,1.0,Sharpe
PLD,2015,4.738595159245506,0.2946611358158346,-12.798117830561628,0.0,Sharpe
PLD,2016,38.96978929562025,1.264906354561114,-14.910360422245628,0.0,Sharpe
PLD,2017,19.951927446123044,1.0652836965984314,-9.513620625419971,1.0,Sharpe
PLD,2018,-3.9613189345555475,-0.1890709665499204,-17.84965949433557,0.0,Sharpe
PLD,2019,48.405198842396516,1.9094467521256009,-6.731497500521099,1.0,Sharpe
PLD,2020,5.42085972638628,0.27706369648554,-10.88960930479378,0.0,Sharpe
PLD,2021,69.45644502414751,2.249331625958887,-11.168703438461824,1.0,Sharpe
PLD,2022,-33.2441187840483,-1.4952881933146733,-46.12588565627663,2.0,Sharpe
PLD,2023,0.0,,-0.0,0.0,Sharpe
PLD,2024,-15.867779364657181,-1.1428713309579381,-22.12457987401225,1.0,Sharpe
RTX,2000,,,,,Sharpe
RTX,2001,12.07910517161048,0.44892213287905913,-18.755726944526817,2.0,Sharpe
RTX,2002,-2.161204254989789,-0.07255086622398933,-19.79866102624981,2.0,Sharpe
RTX,2003,26.2319785480013,1.5157681833965615,-5.039267334869068,4.0,Sharpe
RTX,2004,16.684769180463448,1.4466767914430116,-5.515966978788212,1.0,Sharpe
RTX,2005,9.857740770154324,0.7342389212272344,-7.010522650563611,2.0,Sharpe
RTX,2006,5.342860286642172,0.35335499627119626,-10.228876943127041,2.0,Sharpe
RTX,2007,18.376839273770457,0.9909947334552133,-11.063484900982413,2.0,Sharpe
RTX,2008,-17.521464771123867,-0.678689923254973,-38.79438057513605,2.0,Sharpe
RTX,2009,26.580993387461987,1.2675213290531222,-8.541250198597105,2.0,Sharpe
RTX,2010,3.31736659182412,0.20043530821014585,-18.075485719994166,2.0,Sharpe
RTX,2011,-19.2746519408698,-1.099132648049906,-27.967488285987884,2.0,Sharpe
RTX,2012,15.096434349070151,0.9213069028288461,-10.575253662474127,2.0,Sharpe
RTX,2013,32.18726873580881,1.958724991084592,-6.7762662633923725,2.0,Sharpe
RTX,2014,13.768958521170372,0.9549574493767103,-7.035189421777033,1.0,Sharpe
RTX,2015,-9.878918235107411,-0.7288322370550405,-21.89524702228369,2.0,Sharpe
RTX,2016,16.72000489056516,0.9442586337926347,-9.097578522836224,2.0,Sharpe
RTX,2017,8.029303368348337,0.8428864734736178,-7.255315074249136,2.0,Sharpe
RTX,2018,-20.320412482264118,-1.619023468542032,-27.75127851948982,2.0,Sharpe
RTX,2019,35.573964562855856,1.7574076669841696,-10.92977986662148,1.0,Sharpe
RTX,2020,56.55237242752379,1.1836198988087359,-21.641032287548445,2.0,Sharpe
RTX,2021,19.912178368788535,0.8194258037808146,-13.359397550737151,2.0,Sharpe
RTX,2022,17.782590607317506,0.7359756756657024,-18.294607095404857,2.0,Sharpe
RTX,2023,-0.6669148910970034,-0.034940095862929454,-15.07485872424198,2.0,Sharpe
RTX,2024,12.45156682127892,0.8014233628020747,-9.54925761112877,2.0,Sharpe
SBUX,2000,,,,,Sharpe
SBUX,2001,3.2019418614757345,0.11030566323167705,-25.06566298442604,1.0,Sharpe
SBUX,2002,4.6628967754322,0.14188543492860858,-14.914193642555452,1.0,Sharpe
SBUX,2003,28.74520081591816,0.8347540895319423,-12.695685923953604,1.0,Sharpe
SBUX,2004,63.738985374281874,2.0903371516669425,-8.768563516305239,2.0,Sharpe
SBUX,2005,10.897968356836445,0.6282090550042033,-11.484302777443867,1.0,Sharpe
SBUX,2006,24.947852689146075,0.8120519250786831,-11.856000620495344,1.0,Sharpe
SBUX,2007,-26.814682013247438,-2.1822962254758584,-28.62919372216265,1.0,Sharpe
SBUX,2008,-41.26912507089125,-1.2810453823145427,-61.266665585299386,1.0,Sharpe
SBUX,2009,78.9874696520955,1.0198063103597255,-22.84958173754905,1.0,Sharpe
SBUX,2010,38.357567625906306,1.0551638744806822,-15.937518188308896,1.0,Sharpe
SBUX,2011,39.560512277596224,1.0649950625260964,-14.188674676425162,2.0,Sharpe
SBUX,2012,23.802499011099606,0.7969093979495407,-21.28387522895855,1.0,Sharpe
SBUX,2013,25.969677398330898,1.183186066112755,-6.883591020409496,3.0,Sharpe
SBUX,2014,15.177494203547084,1.1571226039455575,-6.179646193263844,1.0,Sharpe
SBUX,2015,38.10056594979609,1.6019018751160252,-8.07062063838404,2.0,Sharpe
SBUX,2016,1.549459316766952,0.08318513796898913,-11.505499432420352,2.0,Sharpe
SBUX,2017,9.425059907827526,0.6692682788704776,-12.221979908809589,1.0,Sharpe
SBUX,2018,14.364519028138256,0.8341787696532004,-11.391943519992775,0.0,Sharpe
SBUX,2019,24.710321488261872,1.15757536293552,-17.10048357969959,1.0,Sharpe
SBUX,2020,43.01046218480513,1.7024604874030695,-10.296726827446534,2.0,Sharpe
SBUX,2021,18.78228033949072,0.7115975778844624,-13.27549643012893,2.0,Sharpe
SBUX,2022,21.248271671748263,0.8463193629670922,-9.056977755014673,1.0,Sharpe
SBUX,2023,8.951096312795888,0.5965668188513665,-11.600123967100151,1.0,Sharpe
SBUX,2024,-1.9335466982807157,-0.14452652274327304,-14.652402234660066,0.0,Sharpe
SCHW,2000,,,,,Sharpe
SCHW,2001,-7.83398309586828,-0.282556235477416,-28.398907264910445,1.0,Sharpe
SCHW,2002,-5.805328599868772,-0.1940419661181201,-24.368827469001232,1.0,Sharpe
SCHW,2003,15.490054568912473,0.45195199212895787,-21.948572545261303,2.0,Sharpe
SCHW,2004,27.53436953002794,1.5108467683372255,-8.564536327448646,1.0,Sharpe
SCHW,2005,28.314824420169714,1.2808564599126369,-8.308608925024197,1.0,Sharpe
SCHW,2006,20.189176321935502,0.7098888161202984,-13.75572620533394,3.0,Sharpe
SCHW,2007,29.987787771513247,1.0585530469615123,-9.824898358741063,1.0,Sharpe
SCHW,2008,-0.6980249435569021,-0.010075945144473922,-29.994799689397944,2.0,Sharpe
SCHW,2009,16.273083546012785,0.42367201758054196,-13.083195397053904,1.0,Sharpe
SCHW,2010,15.533303868361365,1.435059551299904,-7.096393226350384,0.0,Sharpe
SCHW,2011,-20.839810503502903,-0.8093854952556268,-33.54117742982196,1.0,Sharpe
SCHW,2012,18.590388405068097,0.7321266466761759,-17.81300978097038,2.0,Sharpe
SCHW,2013,39.70998711373093,1.5991714649326059,-8.69516795534494,2.0,Sharpe
SCHW,2014,25.407793746701575,0.9272426287051966,-12.877387340701386,2.0,Sharpe
SCHW,2015,6.485358623082757,0.2569391764867139,-18.649803105528107,2.0,Sharpe
SCHW,2016,35.04902609617987,1.444937589308213,-8.790013116902283,2.0,Sharpe
SCHW,2017,22.81896836286405,1.0619978549745581,-9.43943634295945,2.0,Sharpe
SCHW,2018,-23.34761826241167,-1.4699484942960355,-36.29282516556912,2.0,Sharpe
SCHW,2019,29.625568079368,1.1543229953680216,-10.154162010289369,4.0,Sharpe
SCHW,2020,27.369619182130812,0.7642993051707423,-25.80924694133868,1.0,Sharpe
SCHW,2021,37.791001014737105,1.0827098744373824,-15.726585885678313,1.0,Sharpe
SCHW,2022,23.615430723211446,1.3059352857036401,-8.833294531576751,1.0,Sharpe
SCHW,2023,56.690915985254506,1.6094542482337595,-16.524256293558725,1.0,Sharpe
SCHW,2024,10.071203159942433,0.5000217603906272,-11.121915013377148,2.0,Sharpe
TMO,2000,,,,,Sharpe
TMO,2001,13.667058356999132,0.49848906230635287,-28.04060525922345,1.0,Sharpe
TMO,2002,24.531118860209208,0.9262288721168825,-9.957141657436297,0.0,Sharpe
TMO,2003,21.212230027855913,0.8050993253896914,-15.80156878596477,2.0,Sharpe
TMO,2004,27.510434852979905,1.0256312837061725,-10.27740039128673,1.0,Sharpe
TMO,2005,7.292618914957602,0.5290787805154482,-8.78776422068206,0.0,Sharpe
TMO,2006,28.14822188208629,1.410352408243433,-12.426456760750227,1.0,Sharpe
TMO,2007,10.631534923193703,0.5691029939042682,-11.13522417684971,2.0,Sharpe
TMO,2008,-39.65676821533634,-1.40577726638424,-53.73809537016789,2.0,Sharpe
TMO,2009,15.888901342317077,0.7982683273451694,-9.169776501267645,0.0,Sharpe
TMO,2010,13.42709723850532,0.5654901334521527,-14.202362321889506,1.0,Sharpe
TMO,2011,-22.947673732700476,-0.987128431789238,-36.00521714101891,2.0,Sharpe
TMO,2012,30.895885682579667,1.4225701155011403,-9.290522995824935,1.0,Sharpe
TMO,2013,62.34795676228343,2.1459852424434316,-7.805502828226841,1.0,Sharpe
TMO,2014,5.8256384868767235,0.31125032609100245,-19.02003562238377,2.0,Sharpe
TMO,2015,21.796081301039212,1.0219644506909313,-7.228821794495499,2.0,Sharpe
TMO,2016,6.273557926104349,0.28194546215161875,-12.364479596976919,2.0,Sharpe
TMO,2017,26.096848978300695,1.257462669654444,-9.05347377858725,2.0,Sharpe
TMO,2018,13.269908226945937,0.5641706001374425,-17.059227328872993,1.0,Sharpe
TMO,2019,25.009190308580326,0.9812738071712052,-16.35773930302433,2.0,Sharpe
TMO,2020,31.326777988727354,1.22053598946777,-16.413561586796376,1.0,Sharpe
TMO,2021,20.46621508757491,1.31203133853884,-6.590382675878348,0.0,Sharpe
TMO,2022,-0.5363498391326903,-0.019913656925874133,-16.426551835715607,3.0,Sharpe
TMO,2023,3.2931857254934043,0.1541803117165553,-24.365682617984884,2.0,Sharpe
TMO,2024,1.5244071422142589,0.0834889735251288,-19.14456904957008,2.0,Sharpe
UNH,2000,,,,,Sharpe
UNH,2001,13.90128165856937,0.45837053263042726,-15.548352376799535,1.0,Sharpe
UNH,2002,14.769297491622602,0.4299795740245757,-23.81085892439726,2.0,Sharpe
UNH,2003,27.415298802616928,0.8599334140147044,-16.462219882769546,2.0,Sharpe
UNH,2004,37.87970690643551,1.3140277687694426,-12.236986483512958,1.0,Sharpe
UNH,2005,31.668741159352702,1.283606661384861,-9.02093351941905,2.0,Sharpe
UNH,2006,11.126245838566774,0.6178515198308616,-13.815118063602839,0.0,Sharpe
UNH,2007,14.176660842978345,0.7099687048358522,-14.18687292862737,1.0,Sharpe
UNH,2008,-10.78196845817547,-0.173216936956374,-50.55513057861671,0.0,Sharpe
UNH,2009,16.725400481651032,0.4777255880390031,-18.660073664920052,2.0,Sharpe
UNH,2010,13.472161597679932,0.8994001796515917,-7.575069011023416,0.0,Sharpe
UNH,2011,22.94930400886993,0.7082465838768975,-25.62850182765678,1.0,Sharpe
UNH,2012,6.616762560243387,0.33514843649901993,-12.637799099169534,1.0,Sharpe
UNH,2013,34.845627950449455,1.4019321706430454,-10.936904795387203,1.0,Sharpe
UNH,2014,16.590513632733035,0.8797824137903465,-14.08618335583225,2.0,Sharpe
UNH,2015,17.51190335004965,0.5880878987722574,-12.569517151228904,0.0,Sharpe
UNH,2016,45.35585604080898,1.7207338692088026,-5.844306500142416,1.0,Sharpe
UNH,2017,25.269643809674395,1.5881719464109114,-4.804805076997165,2.0,Sharpe
UNH,2018,3.283930754808971,0.18900549522919807,-18.582104887128992,0.0,Sharpe
UNH,2019,37.59182633753704,1.7274419470706548,-8.68230502592331,1.0,Sharpe
UNH,2020,29.28231691485611,1.0540835676064562,-8.939358940929731,1.0,Sharpe
UNH,2021,49.86209656626124,1.849154460364486,-10.844440258194076,1.0,Sharpe
UNH,2022,1.7300717714605163,0.08322181212405134,-16.182744144722648,1.0,Sharpe
UNH,2023,8.912720475112346,0.9800498143302999,-6.270285395656561,0.0,Sharpe
UNH,2024,-9.13910021521624,-0.5233350764484711,-21.8410529792058,0.0,Sharpe
UPS,2000,,,,,Sharpe
UPS,2001,-3.468997538728818,-0.1808404986350613,-18.55626506701109,2.0,Sharpe
UPS,2002,13.426803668554058,0.5863659299671583,-10.936452061717361,1.0,Sharpe
UPS,2003,15.440047572975763,1.0486335073273851,-16.7501910406189,1.0,Sharpe
UPS,2004,21.650584256249715,2.2907387185731927,-2.968011675575599,0.0,Sharpe
UPS,2005,3.9133027346671225,0.3322167408975798,-7.961244825503099,0.0,Sharpe
UPS,2006,22.239037856604845,1.287272220712253,-6.651882960160305,1.0,Sharpe
UPS,2007,-2.8834493727766675,-0.24479141184798214,-9.465600439486998,0.0,Sharpe
UPS,2008,-21.88944609175457,-0.6932621968682354,-41.481723672856006,2.0,Sharpe
UPS,2009,18.74145018737392,0.4881649710072286,-20.924868473935998,2.0,Sharpe
UPS,2010,15.130950835221974,0.6473813642587964,-17.07334309230636,2.0,Sharpe
UPS,2011,8.27430996548228,0.4068412327684375,-14.096172106818617,1.0,Sharpe
UPS,2012,2.1467387632339343,0.15000299498357444,-13.026484338645815,1.0,Sharpe
UPS,2013,33.764917580946495,2.3075060390572726,-5.6125360697585,1.0,Sharpe
UPS,2014,17.85450490502859,1.2430829192094761,-8.650696579604244,1.0,Sharpe
UPS,2015,-4.865544706885394,-0.4197130869316259,-9.259850794805125,0.0,Sharpe
UPS,2016,29.369867691972214,1.8283860754976864,-5.054963845943905,1.0,Sharpe
UPS,2017,9.36644007635141,0.8131246279069552,-6.794955315432427,0.0,Sharpe
UPS,2018,-18.672217942955378,-1.310107084320704,-24.648832714580283,1.0,Sharpe
UPS,2019,3.554960450993076,0.27107233807555436,-8.197829328975391,0.0,Sharpe
UPS,2020,43.05298663164523,1.2174338469869628,-11.688971735865483,0.0,Sharpe
UPS,2021,38.8564060114054,1.1756253691937364,-16.99905600845363,0.0,Sharpe
UPS,2022,-12.431605095652811,-0.7884755422979883,-23.434622066728707,1.0,Sharpe
UPS,2023,-5.370299047793378,-0.43687942682406544,-22.504205523959698,1.0,Sharpe
UPS,2024,2.4012215243552237,0.1801717651674804,-10.729795181584855,0.0,Sharpe
WFC,2000,,,,,Sharpe
WFC,2001,-1.231400923065339,-0.08849715107899216,-18.637771733891405,0.0,Sharpe
WFC,2002,20.17987073928407,0.6791210704225188,-17.387219699276802,1.0,Sharpe
WFC,2003,17.147539233940662,1.7675781845232605,-3.2417690955273026,0.0,Sharpe
WFC,2004,12.29878985270996,1.007633053480532,-6.244988850945599,1.0,Sharpe
WFC,2005,0.0,,-0.0,0.0,Sharpe
WFC,2006,15.00759849657441,1.1365035895572313,-5.0646513940435405,1.0,Sharpe
WFC,2007,-12.968565305994634,-0.6054802539888363,-20.53801809706266,1.0,Sharpe
WFC,2008,-0.6426678928540424,-0.00784398538748332,-44.764581626324976,2.0,Sharpe
WFC,2009,36.66966802762723,0.44397399828721773,-20.10959356178219,0.0,Sharpe
WFC,2010,22.06080346187293,0.603181942246892,-20.95410067315924,1.0,Sharpe
WFC,2011,13.375215324338352,0.4212615696059695,-13.8624777229286,0.0,Sharpe
WFC,2012,12.304085603708662,0.5649036551953526,-13.270910185091978,1.0,Sharpe
WFC,2013,33.70673851690939,1.6042855456447818,-9.21462241224792,0.0,Sharpe
WFC,2014,22.01473090987609,1.2839995918427078,-10.305805392705135,1.0,Sharpe
WFC,2015,5.969455820542371,0.28410862854039154,-13.95791220603726,0.0,Sharpe
WFC,2016,15.249314137001749,0.8762970572413845,-13.860829143821308,0.0,Sharpe
WFC,2017,13.979185406692595,0.7761263777528389,-14.515546607008801,1.0,Sharpe
WFC,2018,-13.307639516105974,-0.9894442895842751,-25.63613041568643,1.0,Sharpe
WFC,2019,17.04145646828809,0.9728900966745812,-12.89925855906926,1.0,Sharpe
WFC,2020,26.20122984814585,0.8609850090784733,-17.74196104465292,0.0,Sharpe
WFC,2021,35.94990351008457,0.8204717680913597,-15.663839537789393,1.0,Sharpe
WFC,2022,-8.907269855998749,-0.5587216033972594,-15.14172835380634,0.0,Sharpe
WFC,2023,19.45073627319178,0.959064619866297,-17.295301457036537,0.0,Sharpe
WFC,2024,58.8128098708265,1.4611912196487704,-11.094321108777772,1.0,Sharpe
WMT,2000,,,,,Sharpe
WMT,2001,-4.158745367479078,-0.1442642744769665,-26.9205262970445,1.0,Sharpe
WMT,2002,-4.609564536901271,-0.23666664950141678,-14.120432594427811,0.0,Sharpe
WMT,2003,3.0558553817860776,0.1335789002574882,-15.39958121774918,1.0,Sharpe
WMT,2004,-0.8942508713962525,-0.09843792264524881,-9.76644790489698,0.0,Sharpe
WMT,2005,-3.6368769206578873,-0.35396525247517613,-13.183481992130563,0.0,Sharpe
WMT,2006,14.949202699255876,0.8350676627298107,-11.785521763189077,1.0,Sharpe
WMT,2007,11.913482536694538,0.5982375923893551,-8.8608678842372,1.0,Sharpe
WMT,2008,20.400891215413722,0.495777899988064,-21.370525440585432,1.0,Sharpe
WMT,2009,0.1826431600000069,0.01937672912244316,-10.883442051737646,1.0,Sharpe
WMT,2010,6.66032528972737,0.9146375666580908,-3.1693703840711906,0.0,Sharpe
WMT,2011,23.75594063506498,1.4202289846511813,-10.135448018308502,1.0,Sharpe
WMT,2012,13.576947923030966,0.765993164758091,-11.87192147106787,1.0,Sharpe
WMT,2013,18.081640892104804,1.2745693274063994,-8.909243657022426,1.0,Sharpe
WMT,2014,11.801255388816044,0.8195796831999957,-7.522335362850385,2.0,Sharpe
WMT,2015,-17.956106386954435,-1.3644011340406836,-22.02849378820394,1.0,Sharpe
WMT,2016,9.066884933998336,0.43352869401355737,-9.294325343410858,1.0,Sharpe
WMT,2017,44.757273688824704,1.878882832982173,-4.944698006807213,1.0,Sharpe
WMT,2018,6.998301283582241,0.4126507978860276,-18.222483860363237,0.0,Sharpe
WMT,2019,15.112405025062744,0.9359829147780522,-8.022772112356202,1.0,Sharpe
WMT,2020,17.229100615213646,0.4804092039032807,-13.111558004244062,1.0,Sharpe
WMT,2021,-0.41506681599998047,-0.02612147642146109,-14.335863414335803,2.0,Sharpe
WMT,2022,-12.482575019004544,-0.6207660773110236,-29.51736966989217,2.0,Sharpe
WMT,2023,10.13478561873537,0.6009105207359308,-10.781372756985785,1.0,Sharpe
WMT,2024,61.532000517845034,2.3567105059474343,-5.361562443192847,1.0,Sharpe
XOM,2000,,,,,Sharpe
XOM,2001,-0.15512757946587954,-0.006538373145244582,-21.26833906008224,1.0,Sharpe
XOM,2002,-5.89717246345861,-0.31607794322839006,-14.132163283043598,1.0,Sharpe
XOM,2003,16.66362848307501,0.8419491046933363,-10.960254222637278,2.0,Sharpe
XOM,2004,24.943288209496643,1.4048833690978437,-6.261229881548081,1.0,Sharpe
XOM,2005,-7.538477070945719,-0.585568520793428,-15.047046241440087,0.0,Sharpe
XOM,2006,14.402238142792923,0.7737996876637981,-12.649304291382002,1.0,Sharpe
XOM,2007,29.152793472979756,0.9984123204395464,-13.30722599574531,1.0,Sharpe
XOM,2008,-7.259615778180069,-0.14277701214076713,-30.586663510783286,2.0,Sharpe
XOM,2009,-0.26373598221072825,-0.022313790240749844,-10.803193151226086,0.0,Sharpe
XOM,2010,24.53644520543967,2.241228851751413,-4.022084230896949,0.0,Sharpe
XOM,2011,21.353731562202775,0.808446846882814,-16.427856580176282,1.0,Sharpe
XOM,2012,-0.20420647604438275,-0.024262507233947624,-8.372427430155337,0.0,Sharpe
XOM,2013,17.865238126084495,1.2242223791932085,-7.340398431326323,1.0,Sharpe
XOM,2014,-4.773327554410262,-0.3046476231428102,-16.014144847529156,1.0,Sharpe
XOM,2015,0.2939357367117191,0.016727398837881765,-13.616880412084987,0.0,Sharpe
XOM,2016,22.297585752319264,0.9975875001901725,-12.482557866211186,0.0,Sharpe
XOM,2017,6.429925876426805,1.102169572636827,-4.0013673822401845,0.0,Sharpe
XOM,2018,-18.50430739640804,-1.0901620551298563,-23.64353742715306,1.0,Sharpe
XOM,2019,17.63688955330008,0.9127714471940885,-14.097694766803691,1.0,Sharpe
XOM,2020,0.8282546347759125,0.028196718434804906,-28.37383242981806,1.0,Sharpe
XOM,2021,48.171603814216866,1.214103028817822,-10.870388804664577,1.0,Sharpe
XOM,2022,57.91550768071892,1.2194468742715434,-16.08078477654771,1.0,Sharpe
XOM,2023,-3.27689830229534,-0.21410150324537344,-17.56390504157106,0.0,Sharpe
XOM,2024,9.103710305141412,0.440097074145209,-15.147090763051896,0.0,Sharpe
